ID,YEAR,d15N,d13C,d2H,d18O,ZONE,Sex,Latitude,Longitude,Delete2
1,2015,20.1,-18.5,-6.24,8.024,WH,0,58.4,-93.053,1
2,2015,19.7,-18.4,-55.81,8.713,WH,0,58.18,-93.693,0
3,2015,20.1,-18.1,-58.11,8.712,WH,0,57.81,-93.803,0
4,1997,19.3,-17.9,NA,NA,LS,0,72.72,-96.268,0
5,2015,20,-17.9,-66.83,7.64,WH,1,58.5,-93.114,0
6,1991,20.2,-16.6,-77.21,9.86,LS,0,73.13,-90,0
7,1991,20.5,-16.5,-86,5.62,LS,1,74.93,-97.55,0
8,1991,20.7,-16.5,-72,7.48,LS,0,74.93,-97.55,0
9,2008,20.8,-16.1,-86.8,NA,FB,1,66.42,-85.3025,0
10,1992,20.1,-15.9,-96.62,8.29,BB,0,72.02,-73.433,0
11,1997,19.4,-15.9,-92.71,6.87,LS,1,73.05,-91.069,0
12,1997,19.9,-15.5,NA,NA,LS,0,72.67,-90.844,0
13,2008,21,-15.2,-79.7,NA,FB,1,65.85,-84.0824,0
14,2005,16.4,-18.9,-86.6,8.3,WH,0,58.3,-93.3,1
15,2007,17.6,-18,-63,7.4,WH,0,58.6,-93.1,0
16,2007,18.8,-17.7,-73,7.3,WH,0,58.6,-93.2,0
17,2007,19.1,-17.7,-7.6,6.6,WH,0,58.6,-93.2,1
18,2007,18.8,-17.6,-62.3,8,WH,1,58.4,-93.1,0
19,2006,19.3,-17.5,-72.4,8,WH,1,58.4,-93.1,0
20,2005,19.6,-17.1,-69,8.8,WH,0,58.3,-93,0
21,2006,19.5,-16.9,-65.2,7.1,WH,0,58.3,-94.7,0
22,2007,19.9,-16.9,-63.8,6.9,WH,0,58.6,-93.1,0
23,2007,20,-16.8,-65.2,6.3,WH,1,58.6,-93.1,0
24,1992,17.6,-16.2,-81.97,7.48,BB,0,67.58,-63.933,0
25,1997,19.6,-16,-79.66,6.45,BB,1,73.48,-80.722,0
26,1991,17.3,-15.6,-60.43,6.04,BB,1,69.93,-67.317,0
27,1992,19.7,-15.4,-77.43,2.95,BB,0,72.3,-73.117,0
28,2005,18.5,-15,-60.46,9.75,DS,1,61.61,-64.753,0
29,2005,18.3,-14.8,NA,NA,DS,0,61.56,-65.3683,0
30,2005,18.9,-14.4,-61.21,9.557,DS,0,60.66,-64.7595,0
31,1991,19.1,-17.7,-112.79,4.13,VM,1,72.97,-110.517,0
32,2015,17.2,-19.4,-76.24,6.735,WH,0,58.26,-93.327,1
33,2017,20.99,-18.72,NA,NA,SB,1,70.09,124.18,0
34,2007,18,-18.6,-61,6.1,WH,0,58,-93.3,0
35,2017,21.09,-18.36,NA,NA,SB,1,70.27,124.48,0
36,2015,19.2,-18.3,-56.11,9.389,WH,0,57.8,-93.783,0
37,2006,16.5,-18.2,-63.9,8.2,WH,0,58,-93.4,1
38,2015,18.8,-18.2,-4.6,9.825,WH,0,58.32,-93.325,1
39,2015,20.2,-18.2,-63.91,8.274,WH,0,58.77,-93.246,0
40,2015,19.9,-18.1,-42.31,8.097,WH,0,58.29,-93.283,0
41,2015,20,-18.1,NA,NA,WH,0,58.32,-93.734,0
42,2015,20.4,-18.1,-56.49,7.662,WH,0,58.38,-93.395,0
43,2015,20.4,-18.1,-58.19,8.875,WH,1,58.79,-93.244,0
44,2015,19.4,-18,-5.16,8.682,WH,0,58.16,-92.936,1
45,2015,19.7,-18,-54.92,8.392,WH,0,58.11,-93.457,0
46,2015,20,-18,NA,9.573,WH,0,57.46,-93.2205,0
47,2015,20.3,-18,NA,8.71,WH,0,57.48,-93.146,0
48,2015,20.4,-18,-45.91,9.946,WH,0,57.6,-93.498,0
49,2015,20.4,-18,NA,10.643,WH,0,57.43,-93.322,0
50,2015,20.5,-18,-49.8,7.884,WH,0,58.54,-93.136,0
51,2015,20.5,-18,-46.69,8.33,WH,0,57.57,-93.46,0
52,2015,18.7,-17.9,-45.75,9.819,WH,0,57.57,-93.373,0
53,2015,20.2,-17.9,-56.58,8.818,WH,0,58.39,-93.402,0
54,2015,20.9,-17.9,-54.22,7.839,WH,0,58.05,-93.405,0
55,2015,20.9,-17.9,NA,8.65,WH,0,57.45,-93.318,0
56,2015,20.9,-17.9,-52.52,9.742,WH,1,58.17,-92.87,0
57,2006,17.5,-17.8,-62.6,7.9,WH,0,57.9,-92.7,0
58,2007,18.5,-17.8,-54,6.7,WH,0,58.6,-93.2,0
59,2005,18.7,-17.8,-61.9,8.2,WH,0,58,-93.6,0
60,2007,19.2,-17.8,NA,6.4,WH,0,57.3,-92.4,0
61,2015,19.8,-17.8,-66.29,7.963,WH,0,58.17,-93.154,0
62,2007,19.9,-17.8,-59.8,6.1,WH,0,57.7,-93.3,0
63,2007,20.6,-17.8,-59.6,5.7,WH,0,58.3,-93.4,0
64,2015,20.7,-17.8,-45.7,9.558,WH,1,58.79,-93.247,0
65,2017,21.34,-17.78,NA,NA,SB,1,70.13,124.25,0
66,1991,20.04,-17.77,-98.93,6.45,VM,0,72.55,-110.033,0
67,1997,16.8,-17.7,NA,NA,LS,0,72.87,-91.087,1
68,1997,20,-17.7,NA,NA,LS,1,72.24,-95.499,0
69,2007,18,-17.7,-62.9,7,WH,1,58.5,-93.1,0
70,2005,18.7,-17.7,-57.6,8.8,WH,0,58.1,-93.7,0
71,2007,19.3,-17.7,-55.5,6.1,WH,0,58.3,-93,0
72,2007,19.5,-17.7,-58.1,6.3,WH,0,58.5,-93.1,0
73,2007,20.1,-17.7,-54.8,7.6,WH,1,58.7,-93.2,0
74,2007,20.4,-17.7,-62.2,6.2,WH,0,58.7,-93.3,0
75,2015,20.7,-17.7,NA,8.672,WH,1,57.45,-93.185,0
76,1997,17.5,-17.6,-99.92,4.38,LS,0,72.79,-93.735,0
77,1997,19.6,-17.6,-92.24,6.19,LS,0,72.03,-96.823,0
78,2007,17.9,-17.6,NA,7.3,WH,0,57.5,-93.8,0
79,2006,18.1,-17.6,-69.4,7.9,WH,0,58,-93.9,0
80,2005,19.1,-17.6,-69.1,7.9,WH,1,57.7,-93.7,0
81,2007,19.6,-17.6,-53.8,7,WH,0,57.6,-93.1,0
82,2007,19.7,-17.6,-54.1,6.7,WH,0,58.6,-93.2,0
83,2015,20.3,-17.6,-51.71,7.88,WH,0,59.79,-94.775,0
84,2015,20.4,-17.6,-43.61,8.141,WH,0,59.36,-94.697,0
85,2015,20.4,-17.6,-41.13,10.529,WH,1,58.16,-92.848,0
86,2015,20.5,-17.6,-55.13,7.841,WH,1,58.03,-92.801,0
87,2015,20.6,-17.6,-64.86,8.584,WH,1,58.17,-92.87,0
88,2015,20.7,-17.6,-58.67,6.764,WH,1,58.79,-93.244,0
89,2015,20.9,-17.6,-49.1,8.89,WH,1,58.03,-92.801,0
90,2015,21.1,-17.6,-5.55,7.403,WH,1,58.79,-93.244,1
91,2015,21.4,-17.6,-47.5,9.559,WH,1,58.22,-93.019,0
92,2015,21.6,-17.6,-61.96,7.391,WH,1,58.48,-93.106,0
93,2006,17.6,-17.5,-71.4,7.4,WH,0,58.3,-93.6,0
94,2006,17.8,-17.5,-67.7,7.8,WH,0,58,-92.8,0
95,2007,18.9,-17.5,-63.8,6,WH,0,58.6,-93.2,0
96,2007,19,-17.5,-56.9,7,WH,1,58.7,-93.2,0
97,2006,19,-17.5,-58.1,7.2,WH,0,57.5,-92.5,0
98,2006,19.1,-17.5,NA,6.9,WH,0,57.3,-93.3,0
99,2005,19.2,-17.5,-55,7.3,WH,0,58.4,-93.1,0
100,2005,19.9,-17.5,NA,8.1,WH,0,57.4,-93.3,0
101,2007,20,-17.5,-67.7,6,WH,1,57.6,-92.5,0
102,2007,20,-17.5,-44.5,7.6,WH,0,57.7,-92.7,0
103,2015,20.4,-17.5,-44.63,8.11,WH,1,57.94,-92.781,0
104,2007,20.6,-17.5,-6.1,7.5,WH,1,58.1,-92.9,1
105,2015,20.9,-17.5,-54.56,8.152,WH,1,58.79,-93.247,0
106,1997,19.4,-17.4,NA,NA,LS,0,72.72,-96.268,0
107,1991,19.9,-17.4,-65.61,7.9,VM,0,72.98,-110.067,0
108,2005,18.3,-17.4,-59.7,8.3,WH,0,58.5,-93.1,0
109,2006,18.5,-17.4,-59.4,7.2,WH,0,58.3,-93.4,0
110,2005,19.5,-17.4,-56.8,8.1,WH,0,57.6,-92.8,0
111,2007,19.8,-17.4,-63,7.7,WH,1,58.7,-93.2,0
112,2007,19.9,-17.4,-63.2,7.2,WH,1,58.5,-93.1,0
113,2005,19.9,-17.4,-61.5,9.1,WH,1,58.1,-92.8,0
114,2007,20,-17.4,-49.3,8,WH,0,58.4,-93.1,0
115,2007,20.3,-17.4,-56.1,6.8,WH,0,57.7,-93.4,0
116,2007,20.4,-17.4,-63.6,5.8,WH,1,58.6,-93.1,0
117,2015,20.6,-17.4,-54.5,8.801,WH,1,57.95,-93.381,0
118,2015,20.6,-17.4,-52.1,9.039,WH,1,58.73,-93.169,0
119,2015,21.9,-17.4,-45.5,10.322,WH,1,59.78,-94.758,0
120,2005,19,-17.3,-53.5,8.8,WH,0,57.8,-93.3,0
121,2005,19.3,-17.3,-64,8.5,WH,0,58,-93.2,0
122,2005,19.5,-17.3,-55.4,8.8,WH,0,58.2,-93.7,0
123,2005,19.6,-17.3,-67.9,8.5,WH,0,58.4,-93.4,0
124,2007,20,-17.3,-54.8,6.4,WH,0,58.3,-92.9,0
125,2005,20,-17.3,NA,7.8,WH,1,56.8,-89,0
126,2007,20.3,-17.3,-77.2,6.7,WH,0,57.6,-93.5,0
127,2007,20.8,-17.3,-62.1,6.1,WH,1,57.6,-93.5,0
128,2007,20.9,-17.3,-69.3,7.3,WH,1,58.7,-93.1,0
129,2007,21.2,-17.3,-56.6,7.2,WH,1,57.6,-92.6,0
130,2007,21.3,-17.3,-62.6,6.8,WH,0,58.6,-93.1,0
131,2016,18.69,-17.22,NA,NA,DS,1,65.66,-65.5,0
132,2008,19.7,-17.2,-68.2,NA,FB,1,65.94,-84.7386,0
133,2006,18.1,-17.2,-61.4,7.4,WH,1,58.5,-93.1,0
134,2005,18.5,-17.2,-6.5,8.5,WH,0,57.5,-93.2,1
135,2006,18.8,-17.2,-65.3,8.3,WH,0,57.7,-93.6,0
136,2006,18.9,-17.2,-64.4,7.5,WH,0,57.7,-93.1,0
137,2006,18.9,-17.2,-64.2,8.3,WH,0,58,-94,0
138,2006,19,-17.2,NA,8,WH,0,57.5,-93.6,0
139,2006,19,-17.2,NA,8.3,WH,0,57.4,-93,0
140,2005,19,-17.2,-55.2,9.2,WH,1,58.1,-92.8,0
141,2005,19.1,-17.2,-6.4,8.6,WH,0,57.9,-93.3,1
142,2005,19.2,-17.2,-63.5,9.4,WH,0,58.3,-93.3,0
143,2005,19.4,-17.2,-6.6,8.9,WH,0,57.6,-93.7,1
144,2005,19.5,-17.2,-57.7,9.3,WH,0,58.4,-93.4,0
145,2005,20.2,-17.2,-58.9,8.9,WH,0,57.8,-92.7,0
146,2005,20.2,-17.2,-61,9.1,WH,1,58.5,-93.1,0
147,2007,20.3,-17.2,-64.3,6.4,WH,1,58.7,-93.1,0
148,2015,20.5,-17.2,-53.62,8.586,WH,1,59.74,-94.822,0
149,2006,20.6,-17.2,NA,6.7,WH,0,57.4,-93.1,0
150,2005,20.7,-17.2,NA,9,WH,1,56.8,-89.1,0
151,2007,20.8,-17.2,-66.9,6.3,WH,1,58.5,-93.1,0
152,2015,20.8,-17.2,-63.73,7.001,WH,1,58.79,-93.244,0
153,1997,20.7,-17.1,NA,NA,LS,0,72.59,-91.413,0
154,2006,18.4,-17.1,-6.8,7.1,WH,0,58.4,-93,1
155,2005,19.1,-17.1,-53.4,9.4,WH,0,57.9,-93.8,0
156,2005,19.1,-17.1,-54.4,9.8,WH,0,58,-93.4,0
157,2006,19.3,-17.1,-58.3,7.3,WH,0,57.5,-92.7,0
158,2006,19.4,-17.1,-71.6,8.6,WH,0,57.5,-92.8,0
159,2005,19.4,-17.1,-54.6,9.1,WH,0,58.4,-94.9,0
160,2005,19.4,-17.1,NA,9.6,WH,0,57.5,-93.6,0
161,2005,19.5,-17.1,-63.9,8.5,WH,0,58.2,-93.8,0
162,2005,19.5,-17.1,-54.9,9,WH,0,58.1,-93.4,0
163,2007,19.7,-17.1,-64,7.4,WH,1,58.5,-93.1,0
164,2005,19.8,-17.1,-58.6,8.9,WH,1,58.5,-93.1,0
165,2005,19.9,-17.1,-61,8.8,WH,1,58.5,-93.1,0
166,2005,19.9,-17.1,NA,9,WH,1,57.2,-90.6,0
167,2005,20.3,-17.1,NA,7.8,WH,1,57.2,-91.1,0
168,2007,20.4,-17.1,-59.2,8.2,WH,1,58.3,-92.9,0
169,2005,20.5,-17.1,NA,8.3,WH,1,57.2,-90.4,0
170,2005,20.5,-17.1,NA,9.2,WH,1,56.8,-89.1,0
171,2007,20.6,-17.1,-62.3,7.2,WH,1,58.5,-93.1,0
172,2007,20.8,-17.1,-76,5.2,WH,1,58.6,-93.1,0
173,2005,21,-17.1,NA,8.3,WH,1,57.1,-90.4,0
174,2017,20.23,-17.09,NA,NA,BB,1,72.88,-78.42,0
175,2017,19.34,-17.03,NA,NA,DS,1,64.96,-66.17,0
176,2006,18.9,-17,-6.4,7.4,WH,0,58.4,-93,1
177,2005,19,-17,NA,8.4,WH,0,57.4,-93.5,0
178,2006,19.1,-17,-62.5,7.2,WH,0,58.1,-93.7,0
179,2006,19.2,-17,-62.7,7.8,WH,1,58,-92.8,0
180,2005,19.3,-17,-56.9,8.3,WH,0,57.7,-93.6,0
181,2006,19.4,-17,-63.2,7.5,WH,1,58.7,-93.2,0
182,2005,19.5,-17,-57.6,9,WH,0,58.3,-93.3,0
183,2006,19.7,-17,-73.1,6.2,WH,1,58.9,-94.6,0
184,2005,19.7,-17,-72.7,7.4,WH,1,58.1,-92.8,0
185,2005,19.8,-17,-56.1,8.4,WH,0,58.2,-93.5,0
186,2005,19.8,-17,NA,9.3,WH,1,56.9,-89.5,0
187,2006,19.9,-17,-66.9,6.5,WH,1,58.5,-93.1,0
188,2006,19.9,-17,-63.4,7.4,WH,1,58.6,-93.1,0
189,2005,19.9,-17,NA,8.6,WH,0,57.4,-93.4,0
190,2006,20,-17,-6.5,8.1,WH,1,58.2,-92.9,1
191,2007,20.2,-17,-73.1,5.6,WH,1,58.5,-93.1,0
192,2006,20.3,-17,-58.4,7.9,WH,1,58.5,-93.1,0
193,2006,20.3,-17,-56.9,8.6,WH,1,58.5,-93.1,0
194,2007,20.4,-17,-71.1,5.9,WH,1,58.5,-93.1,0
195,2005,20.5,-17,-63.1,9.1,WH,1,58.1,-92.9,0
196,2005,20.8,-17,-59.4,8.9,WH,1,59.2,-94.7,0
197,2015,21,-17,-64.24,8.143,WH,1,58.17,-92.87,0
198,2007,21.3,-17,-7.3,5.7,WH,1,58.5,-93.1,1
199,2007,21.4,-17,-53.9,7.1,WH,1,58.3,-93,0
200,2007,21.5,-17,-63.3,6,WH,1,57.5,-92.5,0
201,1997,20.1,-16.9,-80.63,8.27,LS,0,72.09,-93.509,0
202,2006,19,-16.9,-61.4,7.9,WH,0,58.3,-94,0
203,2005,19.2,-16.9,-61.3,8.5,WH,1,58.7,-93.2,0
204,2005,19.2,-16.9,-53.2,9.7,WH,0,58.7,-93.2,0
205,2005,19.5,-16.9,-66.1,7.6,WH,1,58.7,-93.2,0
206,2005,19.6,-16.9,NA,9.3,WH,1,57.2,-90.4,0
207,2006,19.7,-16.9,-57,9.9,WH,1,58.5,-93.1,0
208,2006,19.8,-16.9,-6.1,7.1,WH,1,58.5,-93.1,1
209,2005,19.9,-16.9,NA,8.5,WH,1,57.1,-91.4,0
210,2005,20,-16.9,-62.7,7.3,WH,1,58.5,-93.1,0
211,2006,20.1,-16.9,-61.2,8.1,WH,1,58.3,-93.6,0
212,2017,19.34,-16.88,NA,NA,DS,0,64.96,-66.33,0
213,1997,19.7,-16.8,-96.02,4.97,LS,0,72.46,-92.967,0
214,2005,19.2,-16.8,-6.4,7.5,WH,0,57.8,-93.4,1
215,2006,19.3,-16.8,-63.6,7,WH,1,58.6,-93.1,0
216,2005,19.7,-16.8,NA,8.1,WH,1,57.2,-91,0
217,2005,19.8,-16.8,-56,9.2,WH,1,58.7,-93.2,0
218,2005,19.9,-16.8,-53.4,9.2,WH,0,58.2,-93.7,0
219,2006,20,-16.8,-55.9,9,WH,1,58.2,-93.3,0
220,2005,20,-16.8,-52.4,9.7,WH,1,58.6,-93.1,0
221,2005,20.3,-16.8,-55,8.8,WH,1,58.2,-92.9,0
222,2005,20.5,-16.8,NA,9.5,WH,1,56.9,-89.3,0
223,2005,20.6,-16.8,-55.9,9.5,WH,1,58.7,-93.1,0
224,2007,20.9,-16.8,-52.7,8,WH,1,58.6,-93.1,0
225,2007,21.7,-16.8,-7.4,4.4,WH,1,58.6,-93.1,1
226,2007,21.8,-16.8,-66.8,6.5,WH,1,58.7,-93.2,0
227,2017,18.75,-16.71,NA,NA,FB,0,64.28,-76.69,0
228,2008,20.1,-16.7,-73.5,NA,FB,0,65.76,-84.6461,0
229,1997,19.3,-16.7,NA,NA,LS,0,73.04,-89.339,0
230,1991,20.4,-16.7,-75.07,5.37,LS,0,73.13,-90,0
231,2006,18.9,-16.7,-65.4,7,WH,1,58.7,-93.1,0
232,2006,19.7,-16.7,-64.5,6.7,WH,1,58.1,-92.8,0
233,2005,20.1,-16.7,NA,7.2,WH,1,57.2,-90.8,0
234,2006,20.1,-16.7,-71,7.4,WH,1,58.3,-93.3,0
235,2006,20.1,-16.7,-6.8,8,WH,1,57.7,-92.7,1
236,2005,20.1,-16.7,NA,9.5,WH,1,57.2,-90.4,0
237,2005,20.3,-16.7,-52.7,8.9,WH,1,58.4,-93.1,0
238,2007,20.8,-16.7,-48.1,8.9,WH,1,58.6,-93.1,0
239,2007,21.3,-16.7,-51.3,8.1,WH,1,58.1,-92.8,0
240,2016,19.66,-16.62,NA,NA,DS,1,65.71,-64.82,0
241,2005,17.9,-16.6,-66.268924,7.74328,BB,1,66.27,-62.4112,0
242,2005,18.4,-16.6,-59.7766,7.6797,DS,0,65.29,-63.3847,0
243,1997,19,-16.6,-98.25,6.58,LS,1,74.5,-97.948,0
244,1991,20.6,-16.6,-64.29,8.66,LS,0,74.93,-97.55,0
245,2006,19.7,-16.6,-64.5,6.5,WH,1,58.6,-93.1,0
246,2006,20.2,-16.6,-52.4,9.5,WH,1,58.5,-93.1,0
247,2006,20.3,-16.6,-55.4,8.1,WH,1,58.6,-93.1,0
248,2006,20.6,-16.6,-44.4,9.1,WH,1,58,-92.8,0
249,2005,18.4,-16.5,-62.724118,7.64318,BB,1,66.28,-62.0787,0
250,2005,18.9,-16.5,-64.7925,7.9119,DS,0,65.89,-62.8525,0
251,2008,19.9,-16.5,-9.2,NA,FB,0,69.72,-79.9326,1
252,1997,19.4,-16.5,NA,NA,LS,0,72.31,-93.663,0
253,1997,20,-16.5,-94.73,6.7,LS,0,74.65,-97.34,0
254,1997,20.5,-16.5,-83.85,7.94,LS,1,73.39,-89.903,0
255,2006,18.8,-16.5,-57,7.8,WH,0,57.8,-94,0
256,2005,20.1,-16.5,-48,9.1,WH,1,58.7,-93.2,0
257,2006,20.2,-16.5,-51.7,9.1,WH,1,58.1,-92.8,0
258,2005,20.4,-16.5,-58.1,8.6,WH,1,57.6,-92.6,0
259,2006,20.7,-16.5,-49.9,9,WH,1,58.4,-93.1,0
260,2016,19.78,-16.43,NA,NA,DS,1,65.33,-65.75,0
261,1992,18.8,-16.4,-77.92,6.05,BB,0,71.42,-69.65,0
262,2005,17.4,-16.4,-69.5032916,8.084754503,DS,0,61.36,-64.759,0
263,2005,19.1,-16.4,-64.671298,7.03348,DS,0,65.73,-62.9067,0
264,1997,19.5,-16.4,-80.67,6.81,LS,0,73.2,-96.828,0
265,1997,19.7,-16.4,NA,NA,LS,0,72.99,-91.542,0
266,2006,19.8,-16.4,-64.3,7,WH,1,58.6,-93.1,0
267,2006,20.5,-16.4,-51.9,7.2,WH,1,58.5,-93.1,0
268,2015,21.03,-16.36,NA,NA,BB,1,67.52,-64.0264,0
269,2016,19.41,-16.33,NA,NA,DS,0,55.4,-59.847,0
270,2016,18.98,-16.31,NA,NA,DS,1,65.63,-66,0
271,1997,17.8,-16.3,-59.33,7.64,BB,0,66.86,-61.946,0
272,1997,18.1,-16.3,-65.9,8.75,BB,0,72.2,-74.73,0
273,2005,18.8,-16.3,-71.837546,7.35744,DS,0,65.92,-62.4295,0
274,1997,19.6,-16.3,NA,NA,LS,0,73.25,-89.116,0
275,1997,19.45,-16.27,-68.29,5.94,BB,0,71.11,-70.829,0
276,2016,19.4,-16.27,NA,NA,DS,1,65.66,-66.8,0
277,1991,17.7,-16.2,-71.99,9.21,BB,0,73.38,-77.067,0
278,1992,17.9,-16.2,-71.41,6.17,BB,0,66.92,-62.567,0
279,1997,19.4,-16.2,-53.05,7.07,BB,1,67.2,-62.521,0
280,2005,18.5,-16.2,-60.1738,8.145,DS,0,65.62,-62.4417,0
281,2005,18.8,-16.2,-55.752588,9.21202,DS,0,65.87,-62.3033,0
282,2005,18.9,-16.2,-67.1197,5.6354,DS,0,65.91,-62.8437,0
283,1997,19.9,-16.2,NA,NA,LS,0,72.8,-91.954,0
284,1997,20,-16.2,NA,NA,LS,0,72.76,-96.453,0
285,1997,20.8,-16.2,NA,NA,LS,0,74.95,-99.502,0
286,1997,20.9,-16.2,NA,NA,LS,1,73.35,-91.011,0
287,1997,21.2,-16.2,NA,NA,LS,0,75.97,-94.547,0
288,2016,19.08,-16.19,NA,NA,DS,1,66.03,-67,0
289,2016,17.84,-16.11,NA,NA,DS,1,65.5,-66.52,0
290,1991,17.4,-16.1,-69.31,9.12,BB,0,73.63,-78.45,0
291,1991,17.5,-16.1,NA,NA,BB,0,70.77,-69.267,0
292,1997,17.9,-16.1,-74.96,8.74,BB,0,66.94,-62.254,0
293,2005,18.4,-16.1,-59.92925,7.38838,BB,0,66.21,-62.47,0
294,1992,19.5,-16.1,-67.16,4.66,BB,0,71.72,-74.55,0
295,2005,17.3,-16.1,-62.44,8.75,DS,1,63.1,-64.9503,0
296,2005,17.5,-16.1,-74.8083,7.916,DS,1,60.43,-64.5818,0
297,2005,17.6,-16.1,-50.23,10.691,DS,0,63.23,-64.9943,0
298,2005,18.5,-16.1,-58.5057,7.0766,DS,0,65.3,-63.3012,0
299,2005,18.6,-16.1,-58.969736,8.91627,DS,1,65.32,-63.4097,0
300,2005,18.8,-16.1,-52.580796,9.99826,DS,0,62.43,-64.426,0
301,2005,19,-16.1,-72.6381,8.8024,DS,1,65.17,-64.1228,0
302,2005,19.1,-16.1,-55.09,9.54,DS,1,62.83,-64.6325,0
303,2008,19.8,-16.1,-77.3,NA,FB,0,66.42,-85.3025,0
304,1997,19,-16.1,-91.45,7.21,LS,0,72.54,-93.05,0
305,1997,19,-16.1,-99.25,7.29,LS,0,72.72,-91.744,0
306,1997,19.4,-16.1,-79.87,7.95,LS,0,72.63,-93.22,0
307,1997,19.6,-16.1,-94.46,6.45,LS,0,75.62,-87.53,0
308,1997,19.57,-16.09,-65.41,7.98,BB,0,72.98,-80.096,0
309,1997,19.77,-16.06,-68.74,5.28,BB,0,66.8,-63.74,0
310,1997,20.4,-16.02,-75.23,7.08,BB,0,70.91,-70.601,0
311,1992,17.4,-16,-57.32,8.42,BB,0,67.18,-63.867,0
312,1997,17.5,-16,-46.75,6.42,BB,0,66.48,-61.511,0
313,1997,17.5,-16,-56.86,9.21,BB,0,67.04,-62.477,0
314,2007,17.6,-16,-61.75,9.59,BB,1,66.62,-61.2689,0
315,1991,17.8,-16,-79.16,7.33,BB,0,67.97,-65.05,0
316,1997,17.8,-16,-65.2,8.92,BB,0,66.71,-62.349,0
317,1994,17.9,-16,-61.35,6.41,BB,0,67.17,-62.432,0
318,1997,18.2,-16,-62.2,8.39,BB,1,71.52,-72.721,0
319,1991,18.4,-16,-75.46,6.93,BB,0,69.77,-67.667,0
320,1997,18.6,-16,-62.03,7.4,BB,0,66.61,-62.112,0
321,1997,19.33,-16,-62.66,9.32,BB,0,72.08,-74.259,0
322,1997,19.6,-16,-68.79,7.72,BB,1,72.03,-74.205,0
323,2005,19.8,-16,-62.168116,6.25543,BB,1,66.41,-62.7043,0
324,1992,20,-16,-88.62,2.15,BB,0,73.25,-81.05,1
325,2005,17.8,-16,-55.5602898,9.684472684,DS,0,62.58,-66.5785,0
326,1992,18,-16,-66.41,8.88,DS,0,65.15,-63.45,0
327,2005,18.7,-16,-68.6917,10.0726,DS,0,62.92,-63.7027,0
328,2005,19,-16,-50.5684,8.7482,DS,1,65.25,-63.2708,0
329,2005,19,-16,-49.439502,8.85348,DS,0,65.86,-62.1585,0
330,2008,21.1,-16,-62.1,NA,FB,0,69.69,-79.3729,0
331,1992,19.2,-16,-67.77,6.68,LS,0,75.87,-81.85,0
332,1997,20.6,-16,-80.52,8.94,LS,1,72.78,-93.751,0
333,1997,20.7,-16,NA,NA,LS,0,74.71,-93.053,0
334,1992,20.99,-15.95,-93.07,-0.5,LS,0,73.77,-81.55,1
335,1997,20.85,-15.94,-95.23,7.54,BB,1,73.62,-81.379,0
336,2016,19.19,-15.92,NA,NA,FB,1,63.21,-76.53,0
337,1992,17.7,-15.9,-62.62,7.02,BB,0,68.83,-66.217,0
338,2005,17.9,-15.9,-53.987614,8.60141,BB,1,66.6,-62.0862,0
339,1997,18,-15.9,-49.96,5.83,BB,0,66.55,-61.694,0
340,1992,18,-15.9,-70.05,8.49,BB,0,67.1,-62.733,0
341,1997,18.1,-15.9,-62.09,6.02,BB,1,72.15,-74.63,0
342,2005,18.9,-15.9,-45.513862,7.58858,BB,1,66.62,-61.3127,0
343,2005,19,-15.9,-61.522966,8.71425,BB,1,66.41,-62.2912,0
344,2005,19.2,-15.9,-64.854286,7.93984,BB,1,67.1,-62.7842,0
345,1995,19.28,-15.9,-67.1,6.32,BB,0,73.633,-79.114,0
346,1992,19.9,-15.9,-86.97,3.34,BB,0,73.6,-77.667,0
347,1997,19.9,-15.9,-71.34,5.04,BB,1,72.06,-74.212,0
348,2005,17.1,-15.9,-71.7861,9.1805,DS,1,59.39,-63.7723,0
349,2005,17.6,-15.9,-51.977,9.325,DS,0,62.47,-64.4573,0
350,2005,17.7,-15.9,-55.67,9.429,DS,0,62.49,-64.986,0
351,2005,18.1,-15.9,-62.6273,7.9909,DS,1,65.28,-63.3013,0
352,2005,18.3,-15.9,-72.6199727,9.912969735,DS,1,63.26,-64.9053,0
353,2005,18.3,-15.9,-72.94,11.57,DS,0,65.89,-62.1612,0
354,2005,18.7,-15.9,-77.5239978,7.900916671,DS,0,62.87,-66.4713,0
355,2005,18.9,-15.9,-65.122512,7.56856,DS,1,65.89,-62.391,0
356,2005,19,-15.9,-61.1264,8.5115,DS,0,65.32,-63.2652,0
357,2005,19.1,-15.9,-66.9929,8.7402,DS,0,62.92,-63.7027,0
358,2008,19.7,-15.9,-92.1,NA,FB,1,69.36,-80.1018,0
359,2008,20.1,-15.9,-8,NA,FB,0,66.16,-84.5665,1
360,1992,19.7,-15.9,-79.95,6.72,KB,1,78.48,-75.683,0
361,1997,18.8,-15.9,-84.12,7.6,LS,1,72.15,-90.1,0
362,1992,19.1,-15.9,-75.93,7.37,LS,0,76.1,-78.65,0
363,1997,19.2,-15.9,NA,NA,LS,0,74.95,-92.198,0
364,1997,19.2,-15.9,NA,NA,LS,0,73.93,-95.594,0
365,1997,19.3,-15.9,NA,NA,LS,1,74.79,-92.063,0
366,1997,19.5,-15.9,NA,NA,LS,0,72.4,-92.158,0
367,1997,19.8,-15.9,-91.17,5.23,LS,0,75.77,-87.417,0
368,1997,20,-15.9,-89.47,7.63,LS,0,72.51,-91.385,0
369,1997,20.1,-15.9,NA,NA,LS,1,73.85,-86.596,0
370,1997,19.82,-15.88,-73.09,4.51,BB,0,68.64,-68.135,0
371,1997,18.43,-15.87,-57.94,7.58,BB,0,67.314,-63.11,0
372,1997,17,-15.8,-65.39,9.2,BB,0,66.81,-61.789,0
373,1991,17.5,-15.8,-60.83,7.33,BB,0,67.95,-64.933,0
374,1997,18.5,-15.8,-63.74,7.4,BB,0,70.41,-69.375,0
375,2005,19.1,-15.8,-59.091728,8.1,BB,1,66.35,-62.2033,0
376,1992,19.3,-15.8,-89.47,3.84,BB,0,72.02,-73.433,0
377,2005,17.4,-15.8,-68.4197143,8.726488645,DS,0,62.58,-65.0748,0
378,2005,17.8,-15.8,-65.41,9.074,DS,0,62.81,-65.064,0
379,2005,18,-15.8,-76.3231,8.295,DS,1,60.62,-64.7292,0
380,2005,18.1,-15.8,-59.7,9.99,DS,0,63.23,-64.9815,0
381,1992,18.2,-15.8,-60.5,12.36,DS,0,65.12,-63.45,0
382,1992,18.3,-15.8,-106.65,5.22,DS,0,65.07,-63.533,0
383,2005,18.8,-15.8,-68.9799779,8.581923329,DS,0,62.87,-65.733,0
384,2005,18.8,-15.8,-57.84,8.963,DS,0,61.61,-64.753,0
385,2005,18.9,-15.8,-67.8392,9.156,DS,0,65.06,-63.8308,0
386,2006,19,-15.8,-50.090908,9.87541,DS,1,65.48,-63.467,0
387,2005,19.1,-15.8,-50.362262,7.30193,DS,1,66.13,-62.8952,0
388,2005,19.1,-15.8,-66.25,9.02,DS,0,63.51,-64.9733,0
389,2005,19.1,-15.8,-50.994118,9.12466,DS,1,66.02,-62.325,0
390,2005,19.2,-15.8,-61.7053,7.4267,DS,1,64.93,-63.644,0
391,2005,19.3,-15.8,-69.5493,9.0334,DS,1,65.17,-64.1228,0
392,1991,19.5,-15.8,-88.63,6.28,LS,0,73.2,-90.033,0
393,1992,20.2,-15.8,-71.31,6.95,LS,0,75.68,-85.6,0
394,1997,20.3,-15.8,NA,NA,LS,1,74.1,-93.837,0
395,1992,20.6,-15.8,-81.18,7.09,LS,1,74.72,-79.867,0
396,2016,19.9,-15.77,NA,NA,FB,1,64.28,-76.58,0
397,1997,20.61,-15.76,-77.52,5.14,BB,0,70.557,-70.065,0
398,1997,18.89,-15.75,-55.6,5.43,BB,0,68.294,-66.911,0
399,1995,19.92,-15.73,-75.38,11.73,BB,1,70.007,-68.042,0
400,1997,19.3,-15.72,-61.19,5.34,BB,0,66.999,-62.049,0
401,1992,17.2,-15.7,-60.77,5.16,BB,0,66.47,-62.1,0
402,2005,17.4,-15.7,-39.076438,8.13822,BB,0,66.54,-61.6928,0
403,2005,17.6,-15.7,-54.656224,8.1273,BB,1,66.33,-61.7583,0
404,1997,18.1,-15.7,-78.09,7.62,BB,1,66.73,-61.455,0
405,2005,18.1,-15.7,-45.230778,9.25115,BB,1,66.43,-61.872,0
406,1991,18.4,-15.7,-68.86,6.37,BB,0,69.47,-67.567,0
407,1991,18.4,-15.7,-71.34,7.51,BB,1,73.72,-80.75,0
408,2005,18.6,-15.7,-47.324192,9.38401,BB,1,66.41,-61.6257,0
409,1997,18.9,-15.7,-80.66,5.95,BB,1,69.61,-67.886,0
410,2005,18.9,-15.7,-53.459764,7.53398,BB,1,66.27,-62.2895,0
411,1992,19,-15.7,-58.47,3.53,BB,0,71.62,-73.05,0
412,2005,19.1,-15.7,-59.575004,6.77413,BB,1,66.41,-61.9748,0
413,2005,19.3,-15.7,-54.338732,10.12202,BB,1,66.54,-61.6928,0
414,2005,20,-15.7,-61.905364,7.34743,BB,1,66.41,-62.7043,0
415,1992,20.3,-15.7,-68.17,6.7,BB,1,71.37,-69.417,0
416,1992,17.6,-15.7,-53.56,12.38,DS,0,65.32,-63.75,0
417,2005,17.9,-15.7,-51.955978,7.31376,DS,0,65.86,-62.1585,0
418,2005,17.9,-15.7,-68.7995249,7.867879994,DS,0,63.31,-65.046,0
419,2005,18.1,-15.7,-55.6331,8.9069,DS,0,65.8,-62.3545,0
420,2005,18.1,-15.7,-54.7903,9.7243,DS,1,62.95,-64.7028,0
421,2005,18.2,-15.7,-64.9168,9.2573,DS,0,62.95,-64.7028,0
422,2005,18.4,-15.7,-57.4866,8.5722,DS,1,65.08,-63.436,0
423,2005,18.4,-15.7,-64.4,8.803,DS,0,63.01,-65.0158,0
424,2005,18.5,-15.7,-61.400192,7.12539,DS,1,65.73,-62.9067,0
425,2005,18.5,-15.7,-53.52858,10.74992,DS,0,62.44,-64.4632,0
426,2005,18.6,-15.7,-66.347942,9.600514413,DS,1,62.9,-66.6295,0
427,2005,18.6,-15.7,-60.09,10.42,DS,0,62.88,-64.7672,0
428,2005,18.6,-15.7,NA,NA,DS,0,62.42,-64.6133,0
429,2005,18.7,-15.7,-71.0804,9.1896,DS,1,65.19,-63.8203,0
430,2005,18.8,-15.7,-53.9425,7.6253,DS,1,65.63,-62.4718,0
431,2005,18.8,-15.7,-66.6753353,7.634473877,DS,1,62.69,-64.9385,0
432,2005,18.8,-15.7,-61.6549,7.755,DS,1,65.81,-62.5308,0
433,2005,18.8,-15.7,-51.81,8.923,DS,0,62.5,-64.6497,0
434,2008,20.5,-15.7,-15.5,NA,FB,1,69.25,-77.3616,1
435,2008,20.7,-15.7,-7.4,NA,FB,0,65.65,-83.6773,1
436,2008,20.9,-15.7,-67.1,NA,FB,0,69.63,-78.3796,0
437,1992,19.8,-15.7,-69.3,3.89,KB,0,77.93,-77.25,0
438,1992,19.8,-15.7,-66.41,4.7,KB,0,77.38,-81.267,0
439,1997,18.7,-15.7,-96.35,7.82,LS,0,72.25,-92.493,0
440,1997,20.6,-15.7,NA,NA,LS,1,72.7,-92.22,0
441,1992,20.8,-15.7,-80.7,4.26,LS,0,75.73,-86.367,0
442,1997,21.5,-15.7,NA,NA,LS,0,75.51,-94.072,0
443,1997,19.97,-15.67,-62.09,10.56,BB,0,68.53,-68.028,0
444,1997,19.81,-15.64,-54.43,8.41,BB,0,70.85,-69.889,0
445,1997,20.51,-15.62,-65.87,8.06,BB,1,66.91,-61.945,0
446,1997,17.5,-15.6,-61.28,9.27,BB,0,67.02,-62.208,0
447,2005,17.9,-15.6,-56.188162,7.21639,BB,0,66.29,-61.8483,0
448,1997,18.1,-15.6,-58.5,6.06,BB,1,66.54,-61.605,0
449,1997,18.2,-15.6,-63.28,5.2,BB,0,69.78,-68.077,0
450,1997,18.5,-15.6,-65.88,8.16,BB,1,66.54,-61.605,0
451,2005,18.9,-15.6,-26.485456,9.31849,BB,1,66.37,-61.9175,1
452,1992,19.3,-15.6,-78.85,6.33,BB,1,68.05,-66.233,0
453,2005,19.3,-15.6,-60.748786,9.12011,BB,1,66.61,-62.028,0
454,1992,19.7,-15.6,-77.9,4.68,BB,0,71.97,-72.517,0
455,1992,20.1,-15.6,-59.92,7.17,BB,1,71.13,-68.833,0
456,1992,20.2,-15.6,-90.14,4.89,BB,0,71.67,-73.583,0
457,1992,20.3,-15.6,-81.96,8.78,BB,0,71.7,-72.217,0
458,2005,16.7,-15.6,NA,NA,DS,0,60,-65.098,0
459,2005,17.6,-15.6,-66.53,8.481,DS,0,61.35,-64.7488,0
460,2005,17.7,-15.6,-60.8763,8.1269,DS,1,62.95,-64.7028,0
461,2005,17.8,-15.6,-75.4298837,8.075732439,DS,1,60.29,-64.3855,0
462,2005,17.9,-15.6,-62.476224,7.3811,DS,1,65.73,-62.9067,0
463,2005,17.9,-15.6,-42.62,9.816,DS,0,60.59,-64.7405,0
464,2005,18,-15.6,-53.02,9.269,DS,0,61.68,-65.068,0
465,2005,18,-15.6,-64.6346,9.9171,DS,1,65.11,-63.4197,0
466,2005,18,-15.6,-67.3610567,10.00597661,DS,0,59.92,-65.212,0
467,2005,18,-15.6,-61.8743,10.2195,DS,1,65.19,-63.3422,0
468,2005,18.2,-15.6,-50.41,9.554,DS,0,61.35,-64.7488,0
469,2005,18.4,-15.6,-57.4589,7.502,DS,1,65.66,-62.401,0
470,2005,18.4,-15.6,-64.61,8.375,DS,0,61.71,-65.0598,0
471,2005,18.4,-15.6,-62.8531,8.7539,DS,1,62.92,-63.7027,0
472,2005,18.4,-15.6,NA,NA,DS,0,61.82,-64.9038,0
473,2005,18.5,-15.6,-57.26,8.87,DS,1,62.9,-64.7093,0
474,2005,18.6,-15.6,-74.8375,7.6348,DS,1,62.93,-63.781,0
475,2005,18.6,-15.6,-58.64,8.555,DS,0,62.53,-64.8132,0
476,2005,18.8,-15.6,-68.1098,8.257,DS,1,62.91,-64.7265,0
477,2005,18.8,-15.6,-54.39,9.028,DS,0,62.54,-65.1475,0
478,2005,18.8,-15.6,NA,NA,DS,1,60.45,-67.8442,0
479,2005,19,-15.6,-64.8536,10.857,DS,0,65.03,-63.8087,0
480,2017,19.23,-15.6,NA,NA,DS,1,56.85,-61.21,0
481,2005,19.3,-15.6,-71.1486,6.2122,DS,0,65.81,-62.5308,0
482,2005,19.4,-15.6,-68.13,9.13,DS,1,63.16,-64.8823,0
483,2005,19.4,-15.6,NA,NA,DS,1,61.82,-64.9323,0
484,2005,19.5,-15.6,-58.911,10.424,DS,1,62.53,-64.159,0
485,2005,19.6,-15.6,-69.3148,7.1065,DS,1,65.66,-62.401,0
486,2005,19.9,-15.6,-58.7079057,7.628821819,DS,1,62.64,-64.8968,0
487,2005,18.1,-15.6,-62.8101,9.7222,FB,0,62.13,-67.3318,0
488,2005,18.4,-15.6,-61.2636,8.4661,FB,0,62.13,-67.3318,0
489,2008,20,-15.6,-7.4,NA,FB,0,68.08,-74.7155,1
490,2008,20.2,-15.6,-95.1,NA,FB,0,69.69,-83.3035,0
491,2008,20.8,-15.6,-69.5,NA,FB,1,69.38,-80.0757,0
492,1992,18.6,-15.6,-64.4,7.36,LS,1,75.8,-81.5,0
493,1997,18.7,-15.6,NA,NA,LS,0,74.77,-92.698,0
494,2005,18.8,-15.6,-86.57,8.4,LS,1,73.03,-90.25,0
495,1997,18.9,-15.6,-99.21,6.02,LS,0,71.97,-90.303,0
496,1997,19.3,-15.6,-86.22,9.13,LS,0,72.69,-92.219,0
497,1997,19.8,-15.6,NA,NA,LS,0,73.05,-91.069,0
498,1997,19.9,-15.6,-90.68,6.61,LS,0,72.34,-90.496,0
499,1997,20,-15.6,NA,NA,LS,0,72.22,-90.434,0
500,1997,20.1,-15.6,-87.73,4.98,LS,0,74.59,-92.21,0
501,1997,20.4,-15.6,-86.97,6.01,LS,0,74.79,-92.324,0
502,1997,20.5,-15.6,NA,NA,LS,0,74.82,-92.076,0
503,1997,18.98,-15.58,NA,NA,BB,0,66.65,-61.708,0
504,1992,21.33,-15.51,-86,2.89,BB,0,73.28,-80.9,0
505,1997,16.9,-15.5,-64.45,9.53,BB,1,66.92,-61.834,0
506,1997,17.3,-15.5,-49.53,8.85,BB,0,67.06,-62.034,0
507,1997,17.3,-15.5,-61.71,8.95,BB,1,66.8,-61.897,0
508,1997,17.6,-15.5,-58.1,7.62,BB,1,66.93,-61.845,0
509,1997,17.9,-15.5,-54.54,7.42,BB,0,67.11,-62.643,0
510,1997,17.9,-15.5,-64.97,10.05,BB,1,67.06,-62.034,0
511,1997,18,-15.5,-61.01,12.16,BB,1,72.54,-75.517,0
512,2005,18.2,-15.5,-51.846498,8.0454,BB,1,66.34,-61.5997,0
513,1997,18.3,-15.5,-61.59,11.38,BB,1,69.47,-67.327,0
514,2005,18.8,-15.5,-45.668698,8.44671,BB,1,66.64,-61.9762,0
515,2005,17.3,-15.5,-57.45,8.881,DS,0,61.32,-64.8862,0
516,2005,17.5,-15.5,-52.89,10.158,DS,0,61.65,-64.6965,0
517,2005,17.7,-15.5,-49.66,10.201,DS,0,62.5,-64.6497,0
518,2005,17.8,-15.5,NA,NA,DS,0,62.34,-64.6482,0
519,2005,18,-15.5,-82.841,6.7519,DS,1,60.18,-69.4077,0
520,2005,18,-15.5,-54.9849,8.8443,DS,0,65.89,-62.1612,0
521,2005,18.2,-15.5,-64.0690784,8.548913187,DS,1,62.77,-65.4737,0
522,2005,18.3,-15.5,-68.0259,7.7084,DS,1,60.28,-64.5333,0
523,2005,18.4,-15.5,-59.8521,9.3979,DS,1,62.76,-63.8645,0
524,2005,18.6,-15.5,-55.8428,9.4097,DS,1,65.64,-63.2125,0
525,2005,18.6,-15.5,NA,NA,DS,0,62.42,-64.5733,0
526,2005,18.8,-15.5,-74.6767,8.2413,DS,1,65.19,-63.8203,0
527,2005,19.1,-15.5,-50,9.124,DS,0,62.94,-65.1187,0
528,2006,19.1,-15.5,NA,NA,DS,1,62.87,-64.8623,0
529,2005,19.2,-15.5,-59.3834,9.2153,DS,1,60.4,-64.5143,0
530,2005,19.3,-15.5,-77.9342,8.5067,DS,1,60.69,-64.6378,0
531,2005,19.5,-15.5,-66.0669509,8.360935819,DS,1,61.84,-65.7817,0
532,1992,20.8,-15.5,-73.45,4.94,KB,0,77.03,-78.917,0
533,1997,19.7,-15.5,NA,NA,LS,0,72.41,-92.42,0
534,1992,19.8,-15.5,-86.24,5.28,LS,0,74.72,-79.867,0
535,1992,19.9,-15.5,-69.84,7.79,LS,0,76.02,-78.05,0
536,1997,19.9,-15.5,NA,NA,LS,0,75.95,-94.219,0
537,1991,20,-15.5,-88.14,4.58,LS,0,74.93,-99.517,0
538,1992,20.5,-15.5,-81.61,5.95,LS,0,75.45,-86.483,0
539,1997,20.7,-15.5,-84.75,7.62,LS,1,72.63,-92.214,0
540,2017,20.32,-15.49,NA,NA,DS,1,56.5,-62,0
541,1997,20.62,-15.48,-77.5,5.34,BB,1,70.967,-70.595,0
542,1997,20.28,-15.46,-70.06,6.51,BB,1,71.65,-72.586,0
543,2006,19.43,-15.46,-77.86,9.47,DS,1,60.16233333,-64.269,0
544,2017,19.81,-15.44,NA,NA,FB,1,64.25,-77.23,0
545,1997,20.04,-15.42,-64.51,6.67,BB,1,67.714,-65.031,0
546,1997,17.3,-15.4,-48.15,9.3,BB,1,66.64,-61.993,0
547,1992,17.6,-15.4,-76.58,7.79,BB,1,67.1,-62.617,0
548,1997,18.1,-15.4,-54.86,6.7,BB,1,66.87,-62.011,0
549,1997,18.1,-15.4,-72.36,7.43,BB,1,73.54,-80.831,0
550,1997,18.6,-15.4,-62.14,10.4,BB,1,69.4,-67.056,0
551,1992,19,-15.4,-71.18,7.22,BB,1,71.42,-69.65,0
552,1997,19.1,-15.4,-64.37,10.29,BB,1,66.73,-61.455,0
553,1992,19.7,-15.4,-50.6169,9.2896,BB,1,72.48,-72.2,0
554,1992,20.09,-15.4,-64.74,6.97,BB,1,66.43,-61.883,0
555,1997,20.2,-15.4,-78.08,3.36,BB,1,69.76,-68.359,0
556,1992,20.5,-15.4,-79.1,6.84,BB,0,71.13,-68.833,0
557,2005,17.5,-15.4,NA,NA,DS,0,61.74,-65.2585,0
558,2005,17.6,-15.4,-59.18,9.194,DS,0,61.61,-64.753,0
559,2005,17.8,-15.4,-69.7585037,8.355071477,DS,1,61.74,-65.6887,0
560,2005,17.9,-15.4,-65.16,9.598,DS,0,63.57,-65.0437,0
561,2005,17.9,-15.4,NA,NA,DS,1,61.72,-64.8725,0
562,2005,18,-15.4,-61.66,9.529,DS,1,62.9,-64.9958,0
563,2005,18.2,-15.4,-71.6401,8.0582,DS,1,60.32,-64.8203,0
564,2005,18.6,-15.4,-56.403994,7.69778,DS,1,65.7,-62.7345,0
565,2005,19.1,-15.4,-52.559,10.718,DS,1,62.53,-64.159,0
566,2005,19.2,-15.4,-61.1804,7.5963,DS,1,65.65,-62.3185,0
567,2005,19.2,-15.4,-54.97,8.681,DS,1,62.92,-65.0518,0
568,2005,19.3,-15.4,NA,NA,DS,1,62.37,-64.6807,0
569,2005,19.7,-15.4,-52.826344,9.07097,DS,1,65.36,0,0
570,2005,19.9,-15.4,-74.253502,9.488030497,DS,1,60.39,-64.4443,0
571,2005,17.4,-15.4,-67.0827,8.497,FB,0,62.05,-67.115,0
572,1992,18.5,-15.4,-81.86,8.16,KB,1,77.27,-79.017,0
573,1992,20.8,-15.4,-68.57,1.89,KB,0,77.27,-79.017,1
574,1997,18.8,-15.4,NA,NA,LS,1,76.3,-94.829,0
575,1997,19.3,-15.4,-92,5.84,LS,0,72.89,-90.871,0
576,1991,19.3,-15.4,-86.5,9.93,LS,0,73.45,-90.45,0
577,1991,19.8,-15.4,-71.3,6.8,LS,1,74.95,-99.217,0
578,1992,19.9,-15.4,NA,NA,LS,0,75.03,-79.85,0
579,1997,20.2,-15.4,-98.58,8.02,LS,1,71.05,-87.811,0
580,1997,19.69,-15.38,-52.43,10.59,BB,1,70.04,-67.308,0
581,1997,19.92,-15.38,-63,5.37,BB,1,70.275,-67.884,0
582,1997,17.4,-15.3,-51.1,9.87,BB,0,66.92,-61.86,0
583,1997,17.9,-15.3,-57.8,7,BB,0,69.93,-68.713,0
584,2005,18.1,-15.3,-45.713272,9.04549,BB,1,66.28,-61.7895,0
585,1997,18.5,-15.3,-53.43,9.46,BB,1,72.22,-74.711,0
586,2005,18.6,-15.3,-56.368804,8.16188,BB,1,66.62,-61.3127,0
587,2005,18.6,-15.3,-44.29316,10.44416,BB,1,66.55,-61.445,0
588,1997,19.1,-15.3,-74.01,9.1,BB,1,66.8,-61.897,0
589,1991,19.5,-15.3,-77.75,6.03,BB,1,66.32,-62.817,0
590,2005,17.8,-15.3,-67.3026243,8.587283497,DS,1,60.16,-64.4028,0
591,2005,17.9,-15.3,NA,NA,DS,1,62.37,-64.5942,0
592,2005,18.2,-15.3,NA,NA,DS,1,61.43,-65.05,0
593,2005,18.3,-15.3,-68.57,8.219,DS,1,62.9,-65.0892,0
594,2005,18.3,-15.3,-65.09,8.693,DS,1,62.46,-64.3617,0
595,2005,18.3,-15.3,-58.83,9.7,DS,1,62.43,-64.3133,0
596,2005,18.4,-15.3,-66.317,8.177,DS,1,62.88,-64.877,0
597,2005,18.4,-15.3,-53.5804,8.6702,DS,0,64.93,-63.63,0
598,2005,18.5,-15.3,-53.475404,8.82618,DS,0,62.44,-64.4632,0
599,2005,18.5,-15.3,NA,NA,DS,0,62.73,-65.7247,0
600,2005,18.6,-15.3,-70.1692,9.4307,DS,1,62,-66.0595,0
601,2005,18.8,-15.3,-58.6782,8.5471,DS,1,62.76,-63.8645,0
602,2007,18.9,-15.3,NA,NA,DS,1,62.52,-66.4906,0
603,2005,19,-15.3,-72.69,8.94,DS,1,62.9,-64.6197,0
604,2005,19.3,-15.3,NA,NA,DS,1,61.91,-65.0875,0
605,2005,19.6,-15.3,-60.3076,9.6371,DS,1,62.76,-63.8645,0
606,2005,19.6,-15.3,-61.613,10.975,DS,1,62.53,-64.159,0
607,2005,18.6,-15.3,-68.8206,9.0544,FB,0,62.19,-67.7738,0
608,2008,20.2,-15.3,-86.5,NA,FB,0,69.36,-78.2665,0
609,2008,20.6,-15.3,-67.4,NA,FB,0,67.3,-75.6635,0
610,2008,21.1,-15.3,-84.1,NA,FB,1,68.23,-76.7113,0
611,1992,20.3,-15.3,-71.59,6.36,KB,1,77.3,-78.783,0
612,1997,19.9,-15.3,NA,NA,LS,1,72.07,-90.282,0
613,1992,20.1,-15.3,-82.18,6.45,LS,1,76.17,-88.35,0
614,1997,20.9,-15.3,NA,NA,LS,1,75.36,-92.433,0
615,2007,18.88,-15.27,-49.897754,8.54499,BB,1,66.6,-61.3642,0
616,1997,20.61,-15.26,-66.83,6.95,BB,1,70.105,-67.426,0
617,1991,20.7,-15.26,-95.26,6.96,LS,1,74.933,-99.517,0
618,2016,19.57,-15.25,NA,NA,FB,1,64.4,-75.25,0
619,1997,20.39,-15.22,-64.24,7.71,BB,1,70.036,-67.308,0
620,2005,19.57,-15.22,-61.975,8.703,DS,1,62.53483333,-64.42,0
621,2005,19.47,-15.21,-53.118812,9.48138,BB,1,66.57,-61.3898,0
622,1992,17.5,-15.2,-61.95,8.06,BB,1,67.08,-62.717,0
623,1997,18,-15.2,-62.36,7.99,BB,1,67.02,-62.337,0
624,1997,18.3,-15.2,-54.79,48.96,BB,1,67.07,-62.179,1
625,1997,18.4,-15.2,-63.86,8.95,BB,1,67.05,-62.122,0
626,2005,18.6,-15.2,NA,NA,BB,1,66.37,-61.5152,0
627,1997,19.4,-15.2,-67.18,8.57,BB,1,69.58,-68.203,0
628,1997,19.4,-15.2,-73.62,8.71,BB,1,72.96,-77.13,0
629,1997,19.43,-15.2,-65.95,9.89,BB,1,69.864,-68.689,0
630,1992,19.9,-15.2,-80.87,5.38,BB,1,73.6,-77.667,0
631,2005,17.3,-15.2,-70.0443,9.8318,DS,0,59.61,-63.9653,0
632,2005,17.8,-15.2,-74.5665,8.5109,DS,1,60.08,-64.4178,0
633,2005,17.9,-15.2,NA,NA,DS,1,61.52,-65.2592,0
634,2005,18.3,-15.2,-54.22,9.187,DS,0,62.56,-64.7323,0
635,2005,18.5,-15.2,-79.1599,7.4854,DS,1,60.29,-64.595,0
636,2005,18.5,-15.2,-71.5527221,8.497115923,DS,1,60.6,-64.7653,0
637,2005,18.5,-15.2,-62.5421023,8.566373535,DS,0,61.74,-65.6887,0
638,2005,18.5,-15.2,-60.5554007,10.11349839,DS,0,60.57,-68.053,0
639,2005,18.5,-15.2,NA,NA,DS,0,61.42,-64.9958,0
640,2005,18.6,-15.2,-64.1756316,8.814851806,DS,0,60.58,-64.7485,0
641,2005,18.6,-15.2,-76.6027,8.8784,DS,1,60.36,-64.8277,0
642,2005,18.6,-15.2,-59.61,8.934,DS,1,62.61,-64.9018,0
643,2005,18.9,-15.2,-63.1682,7.0857,DS,1,65.27,-63.0368,0
644,2005,18.9,-15.2,-64.23,8.919,DS,1,62.93,-63.781,0
645,2005,18.9,-15.2,-79.8757,9.6348,DS,1,60.33,-67.9742,0
646,2005,19,-15.2,-60.522,8.7745,DS,1,65.8,-62.3545,0
647,2005,19,-15.2,-70.3853,10.277,DS,1,62.92,-63.7027,0
648,2005,19.3,-15.2,NA,NA,DS,1,61.78,-65.1072,0
649,2005,19.4,-15.2,-69.7742,8.8638,DS,1,60.09,-64.4562,0
650,2005,19.6,-15.2,NA,NA,DS,1,61.75,-64.9948,0
651,2005,20.2,-15.2,-59.45,8.302,DS,1,62.91,-64.9575,0
652,2005,18,-15.2,-61.1797,8.5813,FB,0,62.16,-67.8853,0
653,2008,19.1,-15.2,-74.2,NA,FB,0,65.77,-73.7458,0
654,2008,20.4,-15.2,-73,NA,FB,0,65.85,-84.0824,0
655,2008,20.5,-15.2,-68.1,NA,FB,0,68.24,-76.6603,0
656,2008,20.6,-15.2,-61.8,NA,FB,0,67.47,-75.1617,0
657,1997,18.6,-15.2,NA,NA,LS,0,76.58,-87.501,0
658,1997,19.8,-15.2,NA,NA,LS,0,72.83,-91.648,0
659,1997,20.2,-15.2,-92.36,7.36,LS,0,72.67,-90.844,0
660,1997,21,-15.2,NA,NA,LS,1,72.34,-91.139,0
661,2005,19.43,-15.18,-67.1183,9.1073,DS,1,65.191,-63.815,0
662,1997,21.37,-15.16,-64.08,5.29,BB,1,70.24,-67.79,0
663,1992,19.94,-15.16,-84.6,5.26,LS,0,74.55,-80.517,0
664,1997,19.3,-15.13,-56.84,6.83,BB,1,66.6,-62.089,0
665,1997,19.84,-15.13,-74.48,9.4,BB,0,67.784,-65.542,0
666,1997,17.5,-15.1,-52.96,8.05,BB,1,66.45,-61.695,0
667,1997,19.01,-15.1,-61.91,8.33,BB,1,66.544,-61.605,0
668,1992,20,-15.1,-66.77,4.39,BB,1,72.47,-73.867,0
669,1997,20.3,-15.1,-68.25,8.15,BB,1,73.28,-76.736,0
670,2005,17.5,-15.1,NA,NA,DS,0,61.8,-65.918,0
671,2005,17.6,-15.1,-70.1933095,9.948182323,DS,0,59.51,-65.3855,0
672,2005,17.8,-15.1,-64.5759,8.9357,DS,1,62.76,-63.8645,0
673,2005,18,-15.1,-68.0442002,8.700245052,DS,0,61.69,-65.1267,0
674,2005,18,-15.1,-65.7352611,9.89596049,DS,1,60.45,-64.8512,0
675,2005,18,-15.1,NA,NA,DS,1,61.78,-65.7692,0
676,2005,18.1,-15.1,-57.76,9.953,DS,0,60.65,-64.6007,0
677,2005,18.3,-15.1,NA,NA,DS,1,61.36,-64.9598,0
678,2005,18.4,-15.1,-77.2692,7.8776,DS,1,60.58,-68.097,0
679,2005,18.4,-15.1,-55.37,8.73,DS,1,62.53,-65.0065,0
680,2005,18.4,-15.1,NA,NA,DS,1,61.57,-65.3638,0
681,2005,18.5,-15.1,-61.8603,8.7755,DS,1,65.06,-63.8308,0
682,2005,18.6,-15.1,-69.3177,6.3011,DS,0,60.45,-67.8442,0
683,2005,18.6,-15.1,-65.7606,8.9158,DS,1,62.53,-64.159,0
684,2007,18.9,-15.1,-73.0103,7.5912,DS,1,58.51,-62.9763,0
685,2005,18.9,-15.1,-59.4963,9.1627,DS,0,60.41,-67.9055,0
686,2005,19,-15.1,-102.49284,4.941776,DS,1,62.4,-64.4795,0
687,2005,19,-15.1,-72.2689,9.3123,DS,1,61.83,-65.7788,0
688,2005,19,-15.1,NA,NA,DS,1,62.37,-64.4955,0
689,2005,19.1,-15.1,-48.46513,7.74146,DS,1,65.32,-63.417,0
690,2005,19.1,-15.1,-62.99,8.16,DS,1,62.5,-64.6497,0
691,2005,19.1,-15.1,-59.95,9.547,DS,1,60.68,-64.6553,0
692,2005,19.1,-15.1,-63.0714311,10.33607803,DS,1,62.43,-66.3492,0
693,2005,19.1,-15.1,NA,NA,DS,1,61.52,-65.2592,0
694,2005,19.1,-15.1,NA,NA,DS,1,61.5,-65.1792,0
695,2005,19.2,-15.1,NA,NA,DS,1,62.37,-64.4955,0
696,2005,19.4,-15.1,-67.3206696,9.537439568,DS,1,62.43,-66.3492,0
697,1997,19.6,-15.1,-66.21,6.47,DS,1,61.18,-66.875,0
698,1997,18.5,-15.1,NA,NA,KB,1,77.43,-77.937,0
699,2017,20.27,-15.09,NA,NA,DS,1,55.26,-59.2302,0
700,1997,20.91,-15.07,-75.98,11.89,BB,1,70.729,-70.451,0
701,1997,19.46,-15.04,-50.25,7.28,BB,1,66.866,-62.011,0
702,1997,17.4,-15,-54.91,10.75,BB,1,69.15,-66.785,0
703,2005,17.8,-15,-51.15,8.739,DS,0,63.13,-64.9777,0
704,2005,17.9,-15,-51.12,9.165,DS,0,61.66,-64.9565,0
705,2005,18,-15,-48.38,8.706,DS,0,61.61,-64.753,0
706,2005,18.2,-15,-62.9624,7.8738,DS,0,60.58,-68.0033,0
707,2005,18.2,-15,-56.14,9.523,DS,0,62.75,-65.0157,0
708,2005,18.3,-15,-58.79,7.812,DS,1,62.46,-64.3082,0
709,2005,18.3,-15,-52.131146,8.26289,DS,0,65.86,-62.1585,0
710,2005,18.6,-15,NA,NA,DS,1,61.56,-65.4345,0
711,2005,18.7,-15,-58.24,9.247,DS,1,62.49,-64.7305,0
712,2005,18.7,-15,NA,NA,DS,0,61.51,-65.2528,0
713,2005,18.9,-15,-53.969,9.3,DS,1,62.44,-64.3205,0
714,2005,19,-15,NA,NA,DS,0,62.45,-64.592,0
715,2005,19.4,-15,-76.8151,8.295,DS,1,60.13,-64.9888,0
716,2005,19.4,-15,NA,NA,DS,1,61.93,-66.59,0
717,2005,19.7,-15,NA,NA,DS,1,61.82,-65.7577,0
718,2005,19.9,-15,NA,NA,DS,1,61.87,-66.2447,0
719,2005,17.9,-15,-72.2057,7.7524,FB,0,62.08,-67.2538,0
720,2005,18.2,-15,-67.5395,9.839,FB,0,62.13,-67.3318,0
721,1997,18.3,-15,-72.77,8.62,LS,0,72.47,-90.733,0
722,1992,20.3,-15,-88.0323,5.2819,LS,0,71.12,-87.883,0
723,1992,20.4,-15,-90.53,3.72,LS,0,71.17,-87.917,0
724,1992,21.08,-15,-89.57,1.39,LS,0,75.673,-80.918,1
725,1997,20.34,-14.99,-53.12,10.99,BB,1,67.994,-64.883,0
726,1992,20.14,-14.97,-89.05,4.18,LS,0,71.283,-88.867,0
727,1997,19.25,-14.93,-60.07,15.14,BB,1,66.926,-61.845,0
728,2005,18.99,-14.93,-60.96,8.949,DS,1,NA,NA,0
729,1997,18,-14.9,-51.57,7.14,BB,1,66.64,-61.993,0
730,2005,17.6,-14.9,-56.61,9.099,DS,1,61.68,-65.3408,0
731,2005,17.8,-14.9,-66.54497,9.53962,DS,0,62.44,-64.267,0
732,2005,18,-14.9,-70.6398,8.7255,DS,1,60.52,-67.9495,0
733,2005,18,-14.9,NA,NA,DS,1,61.88,-66.1317,0
734,2005,18.1,-14.9,-55.9354,9.4883,DS,0,60.42,-67.8523,0
735,2005,18.2,-14.9,-72.3217,8.9232,DS,0,60.46,-67.8492,0
736,2005,18.2,-14.9,-71.0825,9.2837,DS,1,61.88,-66.1218,0
737,2005,18.3,-14.9,NA,NA,DS,0,62.34,-64.5217,0
738,2005,18.4,-14.9,NA,NA,DS,0,61.7,-65.3,0
739,2005,18.4,-14.9,NA,NA,DS,0,61.93,-66.4582,0
740,2005,18.5,-14.9,NA,NA,DS,0,61.68,-65.3408,0
741,2005,18.7,-14.9,-53.27,9.012,DS,1,62.83,-65.0967,0
742,2005,18.79,-14.9,-53.588,9.128,DS,1,62.5175,-64.34966667,0
743,2005,18.8,-14.9,NA,NA,DS,1,61.56,-65.3667,0
744,2005,18.9,-14.9,NA,NA,DS,0,61.54,-64.9248,0
745,2005,19,-14.9,-69.1562,8.1296,DS,1,60.32,-64.8203,0
746,2005,19.1,-14.9,-49.88,8.706,DS,1,62.45,-64.266,0
747,2005,19.2,-14.9,NA,NA,DS,1,61.61,-65.4497,0
748,2005,19.6,-14.9,-60.819,10.004,DS,1,62.53,-64.159,0
749,2005,19.7,-14.9,-46.31,10.805,DS,1,62.93,-63.781,0
750,2008,19.1,-14.9,-81.1,NA,FB,0,65.34,-76.4158,0
751,2008,19.1,-14.9,-62.5,NA,FB,0,63.05,-71.3917,0
752,2008,19.4,-14.9,-82,NA,FB,0,65.31,-75.89,0
753,2008,20.2,-14.9,-71.7,NA,FB,0,67.26,-76.42,0
754,2008,20.3,-14.9,-67.3,NA,FB,0,68.23,-75.1433,0
755,1992,20.6,-14.9,-57.44,5.31,KB,0,77.37,-78.8,0
756,1992,19.1,-14.9,-80.014,8.8218,LS,1,71.12,-88.083,0
757,1992,19.3,-14.9,-80.85,4.83,LS,0,75.68,-81.117,0
758,1992,19.7,-14.9,-90.29,6.01,LS,0,75.68,-80.9,0
759,1997,21,-14.9,NA,NA,LS,1,72.07,-90.282,0
760,2005,19.68,-14.89,-56.791,8.972,DS,1,62.53483333,-64.42,0
761,2005,20.11,-14.87,-51.452,10.444,DS,1,62.52566667,-64.159,0
762,1997,19.9,-14.85,-61.06,8.04,BB,0,66.919,-61.86,0
763,1997,18.2,-14.8,-49.49,8.36,BB,1,66.84,-61.918,0
764,1997,19.2,-14.8,-50.38,10.21,BB,1,72.86,-78.566,0
765,2005,17.8,-14.8,-68.1213,7.8593,DS,0,60.48,-67.8582,0
766,2005,17.8,-14.8,NA,NA,DS,0,61.49,-65.1587,0
767,2005,18,-14.8,-69.3226,9.1863,DS,0,61.89,-66.004,0
768,2005,18,-14.8,-75.5851,10.2287,DS,1,62.43,-64.3133,0
769,2005,18.2,-14.8,-82.4149,8.2384,DS,1,60.42,-64.8637,0
770,2005,18.2,-14.8,-66.5732,8.5762,DS,0,58.53,-62.7247,0
771,2005,18.2,-14.8,-63.87,9.097,DS,1,59.62,-64.0298,0
772,2005,18.4,-14.8,-69.0813753,9.200969632,DS,1,60.45,-64.8512,0
773,2005,18.6,-14.8,-63.57,9.309,DS,1,59.55,-64.0652,0
774,2005,18.7,-14.8,-77.5177,9.1636,DS,1,62.03,-66.88,0
775,2005,18.8,-14.8,-62.04,7.883,DS,1,60.47,-64.6855,0
776,2005,18.8,-14.8,-74.03,8.227,DS,1,60.62,-64.7292,0
777,2005,18.8,-14.8,-73.2658,8.6141,DS,1,60.09,-64.9597,0
778,2005,19.4,-14.8,-66.43,7.755,DS,1,62.53,-65.143,0
779,2005,19.5,-14.8,NA,NA,DS,1,62.4,-64.4795,0
780,2005,18.2,-14.8,-82.4427,7.3973,FB,0,62.11,-67.1933,0
781,2008,18.7,-14.8,-84.9,NA,FB,1,65.39,-76.5761,0
782,1997,18.7,-14.8,NA,NA,LS,1,75.85,-82.278,0
783,1992,19.1,-14.8,-96.0652,4.9264,LS,0,71.18,-88.533,0
784,1992,20.1,-14.8,-90.34,5.53,LS,0,75.7,-86.817,0
785,2016,19.92,-14.74,NA,NA,FB,1,64.25,-76.51,0
786,2005,17.7,-14.7,-73.0368,8.9108,DS,0,62.04,-66.9355,0
787,2005,17.8,-14.7,-76.5932,8.1598,DS,0,59.86,-65.1318,0
788,2005,18.2,-14.7,-71.79,8.135,DS,1,59.42,-63.7,0
789,2005,18.3,-14.7,NA,NA,DS,0,61.42,-64.9593,0
790,2005,18.5,-14.7,-78.9056,8.2984,DS,1,60.38,-64.7493,0
791,2005,18.5,-14.7,NA,NA,DS,1,61.4,-64.8918,0
792,2005,18.6,-14.7,-66.56,8.684,DS,1,62.56,-65.0567,0
793,2005,18.6,-14.7,-65.2176,8.88,DS,0,59.97,-64.3547,0
794,2005,18.9,-14.7,-62.42,8.773,DS,1,60.63,-64.7257,0
795,2005,18.9,-14.7,-53.901,10.689,DS,1,62.53,-64.159,0
796,2005,19,-14.7,-84.9954,8.353,DS,1,59.77,-64.2072,0
797,2005,19.1,-14.7,-67.2679,8.7663,DS,1,60.4,-67.8795,0
798,2005,19.5,-14.7,NA,NA,DS,1,61.93,-66.59,0
799,2005,19.6,-14.7,NA,NA,DS,1,61.9,-66.377,0
800,2005,19.8,-14.7,-75.9741,8.2707,DS,1,60.44,-64.7282,0
801,2008,21.7,-14.7,-7.6,NA,FB,1,65.77,-84.0832,1
802,1992,19.3,-14.7,-89.24,6.59,LS,0,71.12,-88.35,0
803,1997,19.7,-14.7,NA,NA,LS,1,72.08,-90.325,0
804,2005,17.9,-14.6,-61.5885,8.6557,DS,0,60.42,-67.8645,0
805,2005,18,-14.6,-66.0365,9.3518,DS,0,60.05,-64.2743,0
806,2005,18.2,-14.6,NA,NA,DS,1,61.46,-65.1202,0
807,2005,18.6,-14.6,-76.8017,9.0502,DS,1,59.86,-64.2067,0
808,2005,18.6,-14.6,-63.81,9.58,DS,1,62.73,-64.971,0
809,2005,18.8,-14.6,-75.7374,7.0267,DS,1,60.46,-67.9203,0
810,2007,18.8,-14.6,-69.9334,7.9823,DS,1,62.76,-63.8568,0
811,2005,18.8,-14.6,-56.97,8.382,DS,1,62.5,-64.8107,0
812,2005,19.1,-14.6,-80.0428,8.2152,DS,1,60.28,-64.7603,0
813,2005,19.1,-14.6,-56.627,9.101,DS,1,62.53,-64.159,0
814,2005,19.4,-14.6,NA,NA,DS,1,61.77,-65.735,0
815,2005,19.8,-14.6,NA,NA,DS,1,61.43,-65.05,0
816,2008,19.4,-14.6,-79.5,NA,FB,0,68.15,-74.3686,0
817,1997,19.47,-14.54,-63.21,6,BB,1,66.544,-61.605,0
818,2005,18.7,-14.53,-47.57,10.589,DS,0,62.50916667,-64.50533333,0
819,2005,19.63,-14.53,-62.3127,8.0897,DS,1,60.3955,-67.8795,0
820,2005,17.7,-14.5,-77.1319,8.9398,DS,0,59.86,-64.2067,0
821,2005,18,-14.5,-80.9161,7.8809,DS,0,59.58,-69.3058,0
822,2005,18.3,-14.5,-65.66,9.047,DS,0,59.81,-64.1752,0
823,2005,18.3,-14.5,-66.7153,9.3022,DS,0,60.33,-67.9742,0
824,2005,18.9,-14.5,-75.7666,7.307,DS,1,60.4,-67.8795,0
825,2005,19.5,-14.5,-75.4344,9.5445,DS,1,60.09,-67.8523,0
826,2005,19.6,-14.5,-72.0667,9.0905,DS,1,62.03,-66.88,0
827,2005,19.2,-14.5,-63.1609,8.2276,FB,0,62.16,-67.8853,0
828,2008,19.3,-14.5,-81,NA,FB,0,65.39,-76.6685,0
829,2008,19.4,-14.5,-81.8,NA,FB,0,65.37,-76.503,0
830,2008,20.2,-14.5,-79,NA,FB,0,65.39,-76.6356,0
831,1992,20.5,-14.49,-62.4334,8.6465,BB,1,71.7,-72.183,0
832,1994,12.04,-14.47,-60.67,7.13,BB,0,67.15,-63.876,1
833,1997,21.11,-14.42,-77.41,9.46,BB,1,70.311,-68.17,0
834,2005,19,-14.4,-59.0912,8.2693,DS,0,60.4,-68.147,0
835,2005,19.1,-14.4,-83.1786,8.4227,DS,1,62.1,-66.1232,0
836,2005,19.7,-14.4,-86.6304,8.1605,DS,1,60.35,-67.9333,0
837,2005,19.7,-14.4,NA,NA,DS,1,61.93,-66.59,0
838,2008,19.6,-14.4,-81.1,NA,FB,1,69.14,-76.9051,0
839,2005,19.18,-14.37,-50.963,10.32,DS,1,62.5133,-64.2622,0
840,2005,18.3,-14.3,-66.74,8.404,DS,0,59.62,-64.0298,0
841,2005,18.4,-14.3,NA,NA,DS,1,60.39,-67.9113,0
842,2005,18.9,-14.3,-68.2753,8.5214,DS,1,60.42,-67.8645,0
843,2005,19.2,-14.3,-77.7706169,8.674372955,DS,1,60.39,-64.4443,0
844,2005,19.5,-14.3,-63.8,9.067,DS,1,60.56,-64.5428,0
845,2005,19.5,-14.3,-60.1,9.821,DS,1,60.27,-64.5935,0
846,2005,20.2,-14.22,-70.6899849,9.977159071,DS,1,59.03,-68.94,0
847,2005,18.3,-14.2,-65.75,7.082,DS,1,59.45,-63.6828,0
848,2005,18.3,-14.2,-73.1049,7.4424,DS,0,60.34,-64.4907,0
849,2005,18.5,-14.2,-77.3993993,8.608273065,DS,1,60.6,-64.7653,0
850,2005,18.6,-14.2,-64.84,9.599,DS,1,59.45,-63.6828,0
851,2005,19,-14.11,-54.6064668,9.316717413,DS,0,60.38,-64.5048,0
852,2005,18.2,-14.1,-64.29,9.426,DS,1,59.04,-63.5688,0
853,2005,18.9,-14.1,-79.0972,8.5101,DS,1,60.27,-64.7052,0
854,2005,19,-13.9,-66.09,8.365,DS,1,60.27,-64.5935,0
855,2005,19.7,-13.9,-86.2121,5.9383,DS,1,60.42,-68.283,0
856,2005,18.9,-13.8,-53.92,9.009,DS,1,59.45,-63.6957,0
857,2005,20.16,-13.68,-59.14,8.851,DS,1,59.211,-63.5678,0
858,1997,19.81,NA,-60.41,7.87,BB,1,67.94,-66.123,0
859,2005,NA,NA,NA,NA,DS,1,66.565,-61.39,0
860,2005,NA,NA,NA,NA,DS,1,60.38883333,-64.4443,0
861,2005,NA,NA,NA,8.9,WH,0,56.9,-89.8,0
862,2015,NA,NA,-62.63,9.16,WH,1,58.76,-93.227,0
1034,1992,18.2,-19,-87.23,4.01,BB,0,73.68,-79.7,1
1035,2007,15.9,-18.5,-71.1,6.9,WH,1,58.2,-92.9,1
1036,2015,20.5,-18.2,-46.65,8.161,WH,0,57.67,-93.77,0
1037,2005,18.4,-18.1,-74.8,8.8,WH,0,57.8,-93.9,0
1038,2015,19.9,-18.1,-49.42,10.122,WH,1,58.02,-93.625,0
1039,2015,20.6,-18,-64.84,7.853,WH,1,58.13,-93.165,0
1040,2006,18.3,-17.9,NA,7.7,WH,0,57.4,-93.4,0
1041,1997,19.5,-17.8,NA,NA,LS,1,75.98,-98.625,0
1042,2015,20.7,-17.8,-54.9,8.65,WH,0,58.09,-93.14,0
1043,2005,19.1,-17.7,NA,8.2,WH,1,57.2,-90.4,0
1044,2005,19.1,-17.7,-65.4,8.5,WH,0,57.7,-92.7,0
1045,2005,19.9,-17.7,NA,8.6,WH,0,57.5,-93.3,0
1046,1997,20,-17.6,NA,NA,LS,0,74.75,-98.118,0
1047,2006,16.9,-17.6,-73.4,6.9,WH,1,59,-94.8,1
1048,2005,18.3,-17.6,-61.7,8.9,WH,0,58.3,-94.9,0
1049,2005,19.3,-17.5,NA,7.5,WH,1,56.9,-89.3,0
1050,1997,20.5,-17.3,-93.57,6.64,LS,0,72.63,-93.596,0
1051,2005,18.9,-17.3,-57.6,9,WH,0,58.1,-93.7,0
1052,2006,18.2,-17.2,-71.6,7.8,WH,1,58.5,-93.1,0
1053,2006,18.7,-17.2,NA,8,WH,1,57.5,-93.3,0
1054,2007,19.4,-17.2,NA,7.6,WH,1,57.4,-92.4,0
1055,2005,19.8,-17.2,-62,8.5,WH,0,57.6,-92.9,0
1056,2006,18.5,-17.1,-62,8.5,WH,0,57.6,-93.6,0
1057,2006,18.9,-17.1,-71.7,6.3,WH,0,58.2,-93.6,0
1058,2005,19.7,-17.1,-73.4,8.2,WH,0,58.3,-93.5,0
1059,1997,19.6,-17,NA,NA,LS,1,73.67,-83.906,0
1060,2007,19.9,-17,-62,6.4,WH,1,57.7,-93.3,0
1061,2016,18.49,-16.94,NA,NA,DS,1,66.1,-66.78,0
1062,2006,19,-16.9,-61.2,7.2,WH,0,57.6,-93.5,0
1063,2016,19.16,-16.87,NA,NA,DS,1,65.25,-64.38,0
1064,1997,18.9,-16.8,NA,NA,LS,1,72.2,-93.826,0
1065,2016,19.56,-16.66,NA,NA,DS,0,65.71,-65.51,0
1066,2016,19.19,-16.56,NA,NA,DS,1,66.03,-66.8,0
1067,2005,17,-16.3,NA,NA,DS,0,62.34,-64.6498,0
1068,1997,20,-16.3,-113.58,5.13,LS,0,73.39,-89.903,0
1069,1992,21.1,-16.2,-81.98,4.1,KB,0,77.28,-81.3,0
1070,1997,21.1,-16.2,-76.9,8.38,LS,0,72.73,-91.366,0
1071,1992,20,-16.1,-81.99,6.23,BB,1,71.65,-73.133,0
1072,2005,17.1,-16.1,-63.5374,8.3908,DS,1,60.06,-65.0482,0
1073,1997,18.9,-16.1,NA,NA,LS,0,76.31,-78.749,0
1074,1997,20.52,-16.08,-87.67,7.11,BB,1,70.708,-69.661,0
1075,1997,18.5,-16,-66.44,5.38,BB,1,67.06,-62.332,0
1076,2005,18.8,-16,-61.302442,8.11911,BB,0,66.35,-62.2033,0
1077,1997,19.8,-16,-79.62,8.36,BB,0,72.13,-75.004,0
1078,2005,18.6,-16,-66.4668,8.2169,DS,1,65.22,-63.7907,0
1079,1992,18.3,-15.9,-74.11,7.17,BB,0,67.87,-65.983,0
1080,1997,18.4,-15.9,-63.93,14.16,BB,0,72.04,-74.195,0
1081,2005,17.2,-15.9,-70.9391819,8.319248574,DS,0,62.58,-66.5785,0
1082,2005,17.4,-15.9,NA,NA,DS,1,61.87,-64.9437,0
1083,2005,18.1,-15.9,-65.1351,9.8994,DS,1,64.99,-63.593,0
1084,2005,18.7,-15.9,-62.593,7.707,DS,1,65.3,-63.3012,0
1085,1997,20.2,-15.9,NA,NA,LS,1,75.62,-87.53,0
1086,1992,17.6,-15.8,-71.65,7.59,BB,0,67.23,-63.317,0
1087,1997,18.7,-15.8,-82.15,6.83,BB,1,67,-62.284,0
1088,1992,19.1,-15.8,-78.22,5.82,BB,0,71.08,-70.283,0
1089,2005,18.6,-15.8,-58.6904,7.3786,DS,1,65.27,-63.4658,0
1090,2005,18.8,-15.8,-63.2578992,8.890265652,DS,0,63.24,-65.0993,0
1091,1997,18,-15.8,NA,NA,LS,0,71.16,-88.577,0
1092,1997,20.2,-15.8,NA,NA,LS,0,73.93,-95.594,0
1093,1997,20.89,-15.77,-87.44,3.71,BB,1,73.505,-80.764,0
1094,1997,20.06,-15.76,-65.23,8.61,BB,0,69.148,-66.785,0
1095,1997,19.92,-15.73,-64.46,4.99,BB,0,70.111,-67.511,0
1096,1997,17.6,-15.7,-65.88,8.52,BB,0,66.9,-63.827,0
1097,1991,17.8,-15.7,-68.55,8.68,BB,0,70.62,-68.617,0
1098,1997,18.2,-15.7,-50.61,10.39,BB,1,69.59,-67.898,0
1099,1992,19,-15.7,-71.8044,9.1094,BB,0,71.35,-70.05,0
1100,2005,17.6,-15.7,-60.17,8.23,DS,0,62.92,-64.6072,0
1101,2005,17.8,-15.7,-63.09,9.214,DS,0,62.54,-64.9808,0
1102,2005,18.3,-15.7,-58.7293882,9.470119045,DS,0,61.45,-64.7345,0
1103,2005,18.6,-15.7,NA,NA,DS,0,61.79,-64.9637,0
1104,2005,18.7,-15.7,-60.14,9.05,DS,0,62.51,-64.8577,0
1105,2008,20.6,-15.7,-76.6,NA,FB,0,69.2,-77.1333,0
1106,1997,19,-15.7,-89.88,5.89,LS,0,72.51,-93.408,0
1107,1995,19.98,-15.68,-68.45,11.37,BB,1,67.853,-65.806,0
1108,1997,19.62,-15.61,-65.58,6.8,BB,1,70.064,-67.356,0
1109,1991,18.4,-15.6,-63.7,7.66,BB,0,73.65,-78.933,0
1110,2005,18.7,-15.6,-54.786036,7.3447,BB,0,66.55,-61.445,0
1111,2005,18.2,-15.6,-63.04943,8.48857,DS,0,62.46,-64.4632,0
1112,2005,18.3,-15.6,-64.8986,8.3079,DS,1,62.88,-64.877,0
1113,2005,18.6,-15.6,-59.9747,10.2279,DS,1,64.97,-63.777,0
1114,2005,18.8,-15.6,-53.86,8.78,DS,0,63.24,-65.0993,0
1115,2005,19,-15.6,-65.8495,7.2798,DS,1,65.8,-62.5257,0
1116,1997,20.3,-15.6,NA,NA,LS,1,74.82,-92.076,0
1117,2016,19.55,-15.53,NA,NA,FB,1,64.36,-76.91,0
1118,1997,17.4,-15.5,-60.66,8.3,BB,1,67.2,-63.738,0
1119,1991,18.2,-15.5,-63.61,5.95,BB,1,69.47,-67.2,0
1120,1992,19.8,-15.5,-85.76,2.01,BB,1,73.7,-81.383,1
1121,1992,19.8,-15.5,-81.47,5.1,BB,0,71.73,-72.233,0
1122,1992,17.3,-15.5,-67.2,14.05,DS,1,65.07,-63.467,0
1123,2005,18.1,-15.5,-68.7256251,9.311887955,DS,0,62.9,-66.6295,0
1124,2005,18.7,-15.5,-54.98,9.018,DS,1,62.92,-65.0693,0
1125,1997,19,-15.5,NA,NA,LS,0,74.99,-96.682,0
1126,1997,19.7,-15.5,-84.52,6.83,LS,1,73.75,-82.13,0
1127,1992,19.8,-15.4,-83.06,2.17,BB,0,73.8,-78.517,1
1128,1997,19.86,-15.4,-54.26,12.29,BB,1,72.15,-74.63,0
1129,1997,19.7,-15.4,NA,NA,LS,1,72.89,-90.871,0
1130,1997,19.8,-15.4,-93.84,6.66,LS,0,75.5,-88.914,0
1131,1991,18.1,-15.3,-67.98,6.13,BB,0,67.93,-66.017,0
1132,2005,18.7,-15.3,-78.4338,9.1409,DS,0,62.03,-66.88,0
1133,2005,19.03,-15.3,-48.393,11.638,DS,1,62.52816667,-64.3075,0
1134,2008,21,-15.3,-84.8,NA,FB,1,68.23,-76.7113,0
1135,2005,17.6,-15.2,-69.7662,9.4884,DS,1,60.11,-64.9803,0
1136,2005,17.9,-15.2,NA,NA,DS,1,61.52,-65.2592,0
1137,2005,18.1,-15.2,-60.44537,9.5014,DS,0,62.43,-64.426,0
1138,2005,18.5,-15.2,-58.905612,9.86449,DS,0,62.41,-64.4635,0
1139,2005,18.9,-15.2,NA,NA,DS,0,61.8,-65.918,0
1140,2006,20.1,-15.2,NA,NA,DS,0,61.88,-65.9635,0
1141,1992,20.2,-15.2,-71.93,4.04,KB,0,77.5,-76.8,0
1142,1997,18.62,-15.18,-62.49,6.54,BB,0,67.143,-62.419,0
1143,1996,19.71,-15.13,-68.67,13.55,LS,1,71.265,-90.102,0
1144,2005,18.12,-15.12,-55.212,10.072,DS,0,62.5175,-64.34966667,0
1145,2005,17.6,-15.1,-63.79,8.871,DS,1,58.53,-62.7247,0
1146,2005,18.1,-15.1,-75.9374,7.6906,DS,1,60.56,-68.0008,0
1147,2005,18.7,-15.1,NA,NA,DS,0,61.88,-66.1317,0
1148,2008,20.9,-15.1,-71.3,NA,FB,0,69.14,-77.0575,0
1149,1992,19.6,-15.1,-94.0862,6.0196,LS,1,71.25,-88.667,0
1150,1992,20.5,-15.1,-89.27,6.28,LS,1,71.22,-89.217,0
1151,1997,18.43,-15.09,-58.71,14.42,BB,1,69.864,-67.218,0
1152,1997,19.22,-15.07,-67.94,12.6,BB,1,69.61,-67.881,0
1153,2016,18.77,-15.04,NA,NA,FB,0,64.35,-77.61,0
1154,2005,17.7,-15,-75.3752,8.8721,DS,0,59.61,-63.9653,0
1155,2005,18.4,-15,NA,NA,DS,1,61.53,-65.359,0
1156,1997,18.2,-14.9,-62.24,7.91,BB,0,67.06,-62.034,0
1157,2005,18.1,-14.9,-66.3917663,8.517574781,DS,0,60.31,-64.6095,0
1158,2005,17.8,-14.8,-65.51,8.846,DS,1,60.6,-64.7545,0
1159,2005,18.3,-14.8,-81.4952,8.4446,DS,1,59.58,-69.3058,0
1160,2005,17.7,-14.7,-57.57,9.608,DS,0,61.67,-64.9145,0
1161,2005,18.3,-14.7,-66.3345,10.0661,DS,0,60.18,-64.968,0
1162,2005,18.4,-14.7,-74.1108582,9.631560929,DS,0,59.58,-69.3058,0
1163,2005,18.5,-14.7,NA,NA,DS,0,62.73,-65.7247,0
1164,2005,17.7,-14.6,-66.3376304,9.995388948,DS,0,60.45,-64.8512,0
1165,2005,18.2,-14.6,-69.2,8.211,DS,0,59.43,-63.7223,0
1166,2005,18.7,-14.6,NA,NA,DS,1,61.37,-64.9385,0
1167,2005,18.4,-14.6,-70.6894,9.0662,FB,0,62.13,-67.2892,0
1168,1993,18.52,-14.59,-62.58,6.14,DS,1,66.45,-61.65,0
1169,2005,18.8,-14.4,-76.0533,7.7306,FB,1,62.08,-67.3113,0
1170,2005,18.5,-14.2,-75.821,8.5412,DS,1,60.09,-64.9635,0
1171,2006,NA,NA,-66.6,7.1,WH,1,58.7,-93.1,0
1172,2005,NA,NA,-65.6,9.3,WH,1,58.5,-93.1,0
1173,2015,19.1,-19,-67.42,9.553,WH,1,57.8,-93.783,1
1174,2015,19,-18.2,-67.86,8.182,WH,0,58.29,-92.981,0
1175,2015,20.2,-18.1,-63.6,7.77,WH,0,58.16,-92.936,0
1176,1997,19.4,-17.9,NA,NA,LS,1,72.72,-96.268,0
1177,2005,18.7,-17.8,-67.9,9.1,WH,1,57.8,-93.4,0
1178,2015,20.8,-17.8,-51.67,8.287,WH,1,59.79,-94.775,0
1179,1997,18.3,-17.7,NA,NA,LS,0,74.1,-95.258,0
1180,2005,19.7,-17.7,-55.5,9.6,WH,0,57.5,-93,0
1181,1991,21,-17.6,-107.08,5.99,VM,0,72.98,-110.067,0
1182,2005,19.6,-17.6,NA,9.2,WH,1,57.4,-93.3,0
1183,2005,20.1,-17.6,-65.7,9.6,WH,1,58.2,-93.8,0
1184,1997,18.4,-17.5,NA,NA,LS,1,74.1,-95.258,0
1185,2005,18.7,-17.5,-66.2,8.4,WH,1,58.5,-93.1,0
1186,2005,19.3,-17.5,-69.8,8.9,WH,1,58.5,-93.1,0
1187,1997,20.6,-17.4,-94.67,7.11,LS,0,74.88,-96.673,0
1188,2005,18.9,-17.4,-56.9,9.9,WH,0,57.6,-93.7,0
1189,1991,19.7,-17.3,-107.22,5.37,VM,0,72.98,-110.067,0
1190,2005,19.7,-17.3,-67.5,8.8,WH,1,58,-93.6,0
1191,1997,19.5,-17.2,NA,NA,LS,1,74.71,-93.053,0
1192,1997,19.5,-17.2,NA,NA,LS,1,72.79,-93.735,0
1193,2005,18.8,-17.2,-71.8,8.8,WH,0,58.4,-93.1,0
1194,2005,19.6,-17.2,-66.8,9.5,WH,0,57.9,-93.3,0
1195,1997,19.6,-17.1,-105.08,6.76,LS,1,74.65,-97.34,0
1196,2005,19.3,-17.1,-64.6,8.9,WH,1,57.8,-93.4,0
1197,2005,19.3,-17.1,-54.1,9.4,WH,1,58.2,-93.7,0
1198,2005,19.5,-17.1,-56.9,9.3,WH,1,58.1,-93.7,0
1199,1997,19.5,-17,-111.97,6.48,LS,0,73.04,-89.489,0
1200,1997,20.1,-17,-93.42,6.92,LS,1,74.88,-96.673,0
1201,2005,19.2,-17,-53.9,9.7,WH,0,57.5,-93,0
1202,1997,19.3,-16.9,NA,NA,LS,0,74.71,-93.053,0
1203,2005,19.3,-16.9,-55.9,9.6,WH,0,58.2,-93.7,0
1204,2005,19.7,-16.9,-62.6,9.8,WH,1,58.1,-93.7,0
1205,1997,18.4,-16.7,NA,NA,LS,0,75.38,-93.57,0
1206,1997,18.9,-16.7,-100.51,7.46,LS,0,73.04,-89.339,0
1207,2008,20.9,-16.6,-8,NA,FB,0,65.76,-84.6461,1
1208,1997,17.6,-16.5,-109.64,5.17,LS,0,75.38,-93.57,0
1209,2005,16.8,-16.4,-68.2048893,10.46336874,DS,0,62.58,-66.5785,0
1210,2008,20.7,-16.4,-79.8,NA,FB,1,65.76,-84.6461,0
1211,2008,20.2,-16.3,-92.2,NA,FB,0,69.72,-79.9326,0
1212,2008,21.5,-16.3,-9.8,NA,FB,1,69.36,-78.2665,1
1213,1992,18.8,-16.3,-95.72,9.31,LS,1,74.55,-80.517,0
1214,1997,19.7,-16.3,-96.25,7.53,LS,0,72.51,-91.385,0
1215,1991,19.8,-16.3,-104.3,6.63,LS,1,73.17,-90.033,0
1216,1997,20.2,-16.2,NA,NA,LS,0,75.97,-94.547,0
1217,1992,21.2,-16.2,-113.2,0.37,LS,0,73.77,-81.55,1
1218,1997,18.5,-16.1,-71.27,11.26,BB,1,70.41,-69.375,0
1219,1997,18.7,-16.1,-88.49,6.26,BB,1,66.94,-62.254,0
1220,2005,18.7,-16.1,-63.51,8.89,DS,1,62.88,-64.7672,0
1221,2008,20.6,-16.1,-86.3,NA,FB,0,69.72,-79.9326,0
1222,1997,19.4,-16.1,-103.35,7.35,LS,0,72.72,-91.744,0
1223,1997,19.7,-16.1,NA,NA,LS,0,74.95,-92.198,0
1224,1997,19.9,-16.1,NA,NA,LS,1,72.4,-92.158,0
1225,1997,20.1,-16.1,NA,NA,LS,0,75.97,-94.547,0
1226,1997,20.5,-16.1,NA,NA,LS,0,72.51,-91.385,0
1227,1997,21.4,-16.1,NA,NA,LS,0,72.2,-91.453,0
1228,1992,17.6,-16,-68.65,5.97,BB,0,67.18,-63.867,0
1229,1991,17.7,-16,-82.06,7.86,BB,1,70.77,-69.267,0
1230,1997,18.4,-16,-60.39,6.58,BB,1,71.57,-72.199,0
1231,1997,18.7,-16,-71.14,7.74,BB,1,72.08,-74.259,0
1232,2005,18.9,-16,-63.75,8.47,DS,1,62.88,-64.7672,0
1233,1992,20.1,-16,-106.24,6.12,LS,1,74.55,-80.517,0
1234,1997,17.9,-15.9,-81.71,6.84,BB,1,70.41,-69.375,0
1235,1991,18.4,-15.9,-86.61,6.86,BB,1,70.77,-69.267,0
1236,1997,18.8,-15.9,-68.72,6.68,BB,0,71.57,-72.199,0
1237,1992,17.6,-15.8,-65.02,6.19,BB,0,67.18,-63.867,0
1238,1991,18.3,-15.8,-78.98,9.35,BB,0,69.47,-67.567,0
1239,1997,20.1,-15.8,NA,NA,LS,0,72.2,-91.453,0
1240,2005,17.7,-15.7,-64.0501738,8.783301116,DS,1,62.58,-66.5785,0
1241,2005,19.1,-15.7,-61.53,7.993,DS,1,62.54,-64.9808,0
1242,1997,19.3,-15.7,-111.08,7.29,LS,1,72.25,-92.493,0
1243,1997,19.6,-15.7,NA,NA,LS,0,74.95,-92.198,0
1244,1997,21,-15.7,NA,NA,LS,1,71.97,-90.303,0
1245,1992,19.6,-15.6,-88.93,6.48,BB,0,71.97,-72.517,0
1246,1992,20,-15.6,-96.25,5,BB,0,71.97,-72.517,0
1247,2005,17.3,-15.6,-67.6644,9.9826,DS,1,62.47,-64.4573,0
1248,2005,18,-15.6,-58.682742,7.07625,DS,1,65.86,-62.1585,0
1249,1997,20,-15.6,NA,NA,KB,1,77.03,-78.246,0
1250,2005,18.5,-15.5,NA,NA,DS,1,61.49,-65.1587,0
1251,1997,19.6,-15.5,NA,NA,KB,0,77.31,-81.199,0
1252,1997,18.5,-15.5,-111.12,5.54,LS,1,74.77,-92.698,0
1253,1997,20.9,-15.5,NA,NA,LS,0,73.3,-89.228,0
1254,1997,19.7,-15.4,NA,NA,KB,0,77.31,-81.199,0
1255,1997,19.7,-15.4,NA,NA,KB,0,77.31,-81.199,0
1256,2005,18.3,-15.3,NA,NA,DS,1,61.42,-64.9958,0
1257,2005,18.4,-15.3,-69.3073712,8.873097194,DS,1,61.74,-65.6887,0
1258,2005,18.5,-15.3,-63.54,9.132,DS,1,61.66,-64.9565,0
1259,2005,18.5,-15.3,NA,NA,DS,1,61.42,-64.9958,0
1260,2005,17.6,-15.2,NA,NA,DS,1,61.74,-65.2585,0
1261,2005,18.2,-15.2,-79.8501229,8.45171371,DS,1,61.69,-65.1267,0
1262,2005,18.3,-15.2,NA,NA,DS,1,61.68,-65.3408,0
1263,2005,17.8,-15.2,-77.1955,7.9725,FB,1,62.08,-67.2538,0
1264,1992,19.8,-15.2,-97.7858,9.1232,LS,0,71.12,-88.35,0
1265,2005,18.4,-15.1,-77.0235,8.7974,DS,0,59.86,-65.1318,0
1266,2005,18.9,-15,-58.926,11.704,DS,0,62.51,-64.5053,0
1267,2005,19.3,-15,NA,NA,DS,1,62.73,-65.7247,0
1268,1992,19.7,-15,-102.49284,4.941776,LS,0,75.68,-81.117,0
1269,2005,17.8,-14.9,-75.0212,9.1346,DS,0,60.46,-67.8492,0
1270,2005,17.9,-14.9,NA,NA,DS,1,61.7,-65.3,0
1271,2005,18.4,-14.9,-66.6813504,9.125237361,DS,0,61.36,-64.759,0
1272,2005,18.9,-14.9,NA,NA,DS,0,62.73,-65.7247,0
1273,2008,19.3,-14.9,-82,NA,FB,1,65.34,-76.4158,0
1274,2008,19.3,-14.9,-81.7,NA,FB,1,68.15,-74.3686,0
1275,2008,19.6,-14.9,-78,NA,FB,1,65.37,-76.503,0
1276,2008,19.9,-14.9,-79.4,NA,FB,0,65.37,-76.503,0
1277,2005,17.7,-14.8,-67.7643,8.9922,DS,0,60.46,-67.8492,0
1278,2005,18.1,-14.8,-76.6578,9.1241,FB,0,62.08,-67.2538,0
1279,2005,18.2,-14.8,-74.7718,9.6201,FB,0,62.05,-67.115,0
1280,1992,19.8,-14.8,-99.88,6.85,LS,0,71.12,-88.35,0
1281,2005,18,-14.7,-75.1358,10.0053,DS,0,62.04,-66.9355,0
1282,2005,18.2,-14.7,-70.94,9.9641,DS,0,59.86,-65.1318,0
1283,2005,18.5,-14.7,-70.0524,9.0795,DS,1,59.61,-63.9653,0
1284,2008,19.4,-14.7,-8.8,NA,FB,1,70.15,-74.3686,1
1285,2005,17.7,-14.6,NA,NA,DS,1,61.8,-65.918,0
1286,2005,18.4,-14.6,-74.0097,9.04,FB,0,62.05,-67.115,0
1287,2005,18.1,-14.5,-75.9115,9.5391,DS,1,62.04,-66.9355,0
1288,2005,18.1,-14.3,-71.47,9.263,DS,1,59.86,-64.2067,0
1289,2005,18.4,-14.3,-66.46,9.024,DS,0,59.86,-64.2067,0
1290,1993,NA,NA,-62.63,10.27,BB,0,68.9,-67.917,0
1291,2005,NA,NA,-64.5,9.5,WH,0,58,-93.6,0
1292,2006,17.8,-17.4,-76,7.8,WH,1,57.6,-93.6,0
1293,2005,19.3,-17.1,-69.6,8,WH,0,59.2,-94.7,0
1294,1997,17.6,-16,-58.12,10.42,BB,1,69.15,-66.785,0
